#OTU ID	DE_erg_inf_Wl_2015_1	DE_erg_inf_Wl_2015_2	DE_erg_inf_Wl_2015_3	DE_erg_inf_Wl_2016_1	DE_erg_inf_Wl_2016_2	DE_erg_inf_Wl_2016_3	DE_erg_uni_Wl_2015_1	DE_erg_uni_Wl_2015_2	DE_erg_uni_Wl_2015_3	DE_erg_uni_Wl_2016_1	DE_erg_uni_Wl_2016_2	DE_erg_uni_Wl_2016_3	DE_erg_uni_Wl_2017_1	DE_erg_uni_Wl_2017_2	DE_erg_uni_Wl_2017_3	DE_ey_inf_Wl_2016_1	DE_ey_inf_Wl_2016_2	DE_ey_inf_Wl_2016_3	DE_ey_uni_Wl_2015_2	DE_ey_uni_Wl_2015_3	DE_ey_uni_Wl_2016_1	DE_ey_uni_Wl_2016_2	DE_ey_uni_Wl_2016_3	DE_ey_uni_Wl_2017_2	DE_ey_uni_Wl_2017_3	DE_jug_inf_Wl_2015_1	DE_jug_inf_Wl_2015_2	DE_jug_inf_Wl_2015_3	DE_jug_inf_Wl_2016_1	DE_jug_inf_Wl_2016_2	DE_jug_inf_Wl_2016_3	DE_jug_inf_Wl_2017_1	DE_jug_inf_Wl_2017_2	DE_jug_inf_Wl_2017_3	DE_jug_uni_Wl_2015_3	DE_jug_uni_Wl_2016_1	DE_jug_uni_Wl_2016_2	DE_jug_uni_Wl_2016_3	DE_jug_uni_Wl_2017_1	DE_jug_uni_Wl_2017_2	DE_jug_uni_Wl_2017_3	DE_k6_uni_Wl_2015_3	DE_k6_uni_Wl_2016_1	DE_k6_uni_Wl_2016_2	DE_k6_uni_Wl_2016_3	DE_k6_uni_Wl_2017_1	DE_k6_uni_Wl_2017_2	DE_k6_uni_Wl_2017_3	DE_pfn_uni_Wl_2015_1	DE_pfn_uni_Wl_2015_2	DE_pfn_uni_Wl_2016_1	DE_pfn_uni_Wl_2016_2	DE_pfn_uni_Wl_2016_3	DE_pfn_uni_Wl_2017_1	DE_pfn_uni_Wl_2017_2	DE_pfn_uni_Wl_2017_3	DE_wh_inf_Wl_2015_1	DE_wh_inf_Wl_2015_2	DE_wh_inf_Wl_2015_3	DE_wh_inf_Wl_2016_1	DE_wh_inf_Wl_2016_2	DE_wh_inf_Wl_2016_3	DE_wh_inf_Wl_2017_1	DE_wh_inf_Wl_2017_2	DE_wh_inf_Wl_2017_3	DE_wh_uni_Wl_2016_1	DE_wh_uni_Wl_2016_2	DE_wh_uni_Wl_2016_3	DE_wh_uni_Wl_2017_1	DE_wh_uni_Wl_2017_2	DE_wh_uni_Wl_2017_3	ES_cdc_inf_Wl_2015_2	ES_cdc_inf_Wl_2015_3	ES_cdc_inf_Wl_2017_1	ES_cdc_inf_Wl_2017_2	ES_cdc_uni_Wl_2015_3	ES_cdc_uni_Wl_2017_1	ES_cdc_uni_Wl_2017_2	ES_cdc_uni_Wl_2017_3	ES_mar_uni_Wl_2015_3	ES_sly_uni_Wl_2015_1	ES_sly_uni_Wl_2015_2	ES_sly_uni_Wl_2015_3	ES_sly_uni_Wl_2017_1	ES_sly_uni_Wl_2017_2	ES_sly_uni_Wl_2017_3	ES_to_uni_Wl_2017_1	ES_to_uni_Wl_2017_2	FR_ch_uni_Wl_2015_1	FR_ch_uni_Wl_2015_2	FR_ch_uni_Wl_2015_3	FR_la_inf_Wl_2015_3	FR_la_inf_Wl_2017_1	FR_la_inf_Wl_2017_2	FR_la_inf_Wl_2017_3	FR_la_uni_Wl_2017_2	FR_la_uni_Wl_2017_3	FR_la_uni_wl_2015_1	FR_la_uni_wl_2015_2	FR_la_uni_wl_2015_3	SE_kfa_uni_Wl_2015_1	SE_kfa_uni_Wl_2015_2	SE_kfa_uni_Wl_2015_3	SE_kfa_uni_Wl_2016_1	SE_kfa_uni_Wl_2016_2	SE_kfa_uni_Wl_2016_3	SE_kfa_uni_Wl_2017_3	SE_kfb_uni_Wl_2015_1	SE_kfb_uni_Wl_2015_2	SE_kfb_uni_Wl_2015_3	SE_kfb_uni_Wl_2016_1	SE_kfb_uni_Wl_2016_2	SE_kfb_uni_Wl_2016_3	SE_kfc_uni_Wl_2015_1	SE_kfc_uni_Wl_2015_2	SE_kfc_uni_Wl_2015_3	SE_kfc_uni_Wl_2016_1	SE_kfc_uni_Wl_2016_2	SE_kfc_uni_Wl_2016_3	SE_kfc_uni_Wl_2017_3	SE_upp_uni_Wl_2015_1	SE_upp_uni_Wl_2016_3	SE_upp_uni_Wl_2017_1	SE_upp_uni_Wl_2017_2	SE_upp_uni_Wl_2017_3
6b8c4022aecbbb83eeb5c79d9997ba1f_bacteria	1827	4226	4284	5286	2522	4547	31858	10252	4809	6779	7031	4025	2976	5786	5433	2890	2792	4197	3389	4255	4322	8608	4244	5001	6278	796	1629	1539	7270	8182	9004	4252	6262	4599	1514	9913	2300	7374	8406	9006	10400	25121	7069	8183	12237	7091	4475	12223	1544	2268	3866	12565	5257	12594	11580	9541	5714	1694	6041	3332	4449	6410	5510	4704	2455	1580	701	7871	4836	7529	5360	6635	311	6670	12750	6442	17301	5688	7689	12282	30683	93359	26894	4361	6880	14348	15082	13133	3325	4929	3163	12101	9178	10602	6563	16458	4488	5031	1273	6500	16572	6644	11209	6060	25257	23358	1821	3911	10332	4355	12318	16253	20975	3696	6780	12223	19989	22008	17593	15239	14009	13197	190	9045	7059
c2ff2968fc5eb368695f90ee12c20b86_bacteria	6537	11623	6233	13801	787	192	573	242	289	611	446	74	0	2744	1085	4854	4467	1005	0	11779	2893	1488	3207	3639	707	0	0	0	595	85	2155	157	138	62	0	509	299	0	69	0	124	1309	0	0	1597	214	974	261	0	0	0	0	0	0	0	0	701	223	104	67	223	1144	389	1866	137	0	0	535	2422	1285	1721	744	187	2435	0	0	0	331	0	8140	287	717	1131	1165	0	135	889	3081	0	553	1108	1019	2133	5677	2524	2710	3233	0	218	167	107	0	486	220	197	1310	339	290	4555	0	794	1392	0	115	1819	2461	977	1373	2979	899	841	609	82	985	0
00fae520fc99f4b43a079be78714514a_bacteria	5593	667	953	1699	457	111	1895	211	72	2133	844	422	362	952	502	1356	1606	1378	0	4144	564	876	188	2511	7667	0	56	90	1986	767	482	4967	2295	516	0	600	239	1168	872	270	642	108	134	109	457	2216	289	389	368	136	653	2278	3433	429	70	552	0	0	800	677	910	2728	1189	657	330	278	96	913	1484	287	1643	64	0	173	0	0	556	89	732	9888	1420	1569	2263	1878	884	1072	694	664	0	0	657	0	4320	466	596	2481	2103	77	69	0	0	72	899	321	539	295	0	113	94	105	955	2013	6237	619	2348	3201	2187	139	222	7097	1202	208	0	741	69
8a9c84e7a7a0bbd8676a92d4435fe8a4_bacteria	379	944	312	1099	1380	462	3996	1514	1839	1598	1794	1163	626	1047	1802	528	625	275	701	369	869	2089	1488	1006	1374	0	77	0	1362	1827	578	442	343	621	452	1656	71	1090	583	1728	1560	5932	4054	5286	1482	1101	960	881	531	304	125	1779	422	1508	1347	1461	2616	1480	1929	1559	1567	1070	3525	1942	667	204	0	1561	3663	2029	2860	447	57	1288	1203	2697	4209	1457	1668	7331	6233	18182	6498	362	611	989	6927	4809	1941	2314	1829	2813	1185	843	1363	4889	2249	923	69	1553	567	1465	2756	416	1708	1308	223	871	1432	1199	458	3599	6618	1139	1615	1294	1865	1510	1448	1209	1928	586	0	895	1897
6025a8d68dfe9ed561f3501b70ef5274_bacteria	0	0	0	52	80	166	61	0	0	59	76	62	0	0	50	138	0	66	0	0	0	0	0	0	0	0	80	0	109	125	0	0	0	81	0	377	0	193	0	0	154	388	205	0	54	0	0	52	520	299	416	298	281	195	81	145	74	0	60	0	59	0	53	98	239	0	0	0	62	339	0	0	0	68	0	707	279	416	135	2084	4104	14637	9645	352	814	792	4592	4386	419	1442	349	549	2335	757	119	922	9294	279	0	0	126	292	385	0	93	313	216	759	425	1108	0	61	210	307	165	98	184	99	160	221	1640	202	0	712	393
871638cacece191a60d3f3fe9407c592_bacteria	0	0	0	0	348	64	322	621	0	0	153	0	0	286	86	333	375	0	899	67	185	1245	251	0	0	0	70	63	134	101	0	66	123	207	0	470	0	130	412	291	165	3869	298	103	64	60	122	320	154	127	66	154	61	779	402	78	883	493	84	104	188	125	198	965	74	90	0	65	167	191	218	1024	0	186	97	351	562	582	649	153	911	28938	8021	0	1762	305	125	0	137	148	744	276	4424	697	425	2852	1021	413	364	125	0	0	0	0	263	435	0	440	489	230	0	0	0	0	0	0	0	0	0	132	0	70	0	0	0
c861b1ec2e390a9906dec7ee827ab766_bacteria	148	1028	489	2147	2498	1175	994	808	139	2340	2430	2521	805	714	2429	1223	2397	2211	311	390	3691	2518	2126	1641	1038	366	752	1122	1447	1232	1429	1623	1836	1560	725	1654	628	1119	1680	1313	2313	3101	831	521	914	2014	1563	2051	649	404	2786	2603	3212	2589	1992	1287	722	421	255	1002	1135	787	1915	2234	1408	425	545	1380	2398	1650	2281	155	0	745	404	527	2085	912	239	4771	3201	23299	4270	1164	3053	3442	1435	2881	1685	1430	1671	1717	3927	3843	2532	4856	3244	476	115	461	167	284	1535	1038	2474	2252	235	878	1443	787	1151	3737	10249	724	819	1007	1422	939	999	616	4775	1186	0	542	166
0a78918b318c9a666440b19941b2c94e_bacteria	1037	590	619	336	0	0	0	0	64	2604	0	0	0	0	0	0	263	0	0	0	0	0	0	1316	0	0	0	0	0	50	0	221	0	0	0	0	77	0	101	0	0	0	0	0	0	0	0	0	0	0	203	80	110	0	0	0	723	54	0	0	0	117	236	3283	587	0	0	113	0	59	0	0	0	0	0	0	0	0	0	3066	55	0	0	0	0	0	515	0	66	0	408	0	99	0	0	1686	313	0	5105	0	0	55	0	0	0	83	0	0	0	0	0	0	0	0	0	0	0	0	0	8677	125	0	0	3619	0
55e2f6614bc214f35d8745edeee16727_bacteria	241	311	579	634	232	0	2139	1668	67	374	201	565	172	1016	955	1604	409	1128	106	61	482	1089	677	884	624	66	0	0	430	396	556	572	256	382	0	401	125	874	218	169	591	110	187	880	844	252	0	247	0	0	302	127	941	580	1356	997	396	0	95	138	326	175	470	919	229	0	0	392	271	910	954	965	0	2569	1021	635	4603	962	1681	3004	1879	9103	684	1207	2663	1262	1277	64	207	108	630	277	11394	1303	2250	2151	2533	930	132	822	234	0	148	1205	236	3366	5540	1545	7527	2542	360	4077	2956	326	881	1967	2100	1010	1021	354	1100	5330	0	1476	2824
5d0942009326032f72c94ca27dc2015d_bacteria	3622	0	0	2753	1294	865	264	69	112	1141	2266	1243	1147	6564	679	2156	736	521	0	103	941	1034	261	2225	572	0	0	0	147	342	900	2873	2814	1372	0	239	236	189	2005	406	1035	531	269	341	1017	2733	279	482	193	107	3907	4454	3540	3696	244	2266	0	0	67	390	657	286	438	965	583	310	276	1135	927	371	1197	115	0	148	61	0	428	205	64	11323	114	502	79	859	991	830	0	0	0	0	1237	131	2933	3730	1792	425	461	241	0	0	0	119	161	126	396	166	1576	119	0	0	0	252	1106	527	2178	895	248	93	277	1888	976	239	0	102	2595
61781934a20bd3368b0737d605f29468_bacteria	0	0	125	0	0	262	76	361	70	66	79	0	231	0	423	167	343	369	0	0	298	214	357	100	0	241	191	120	137	56	194	218	215	113	259	354	0	84	393	143	348	758	350	214	182	461	479	493	299	319	233	81	195	369	404	135	812	65	428	0	218	166	859	452	251	0	0	244	108	1445	224	753	309	61	88	0	476	0	1187	1435	1335	11177	1840	2021	1721	1474	208	174	298	255	0	624	3158	642	149	4751	2651	123	0	0	827	390	237	122	2287	746	58	221	2116	64	173	205	293	0	389	3942	203	465	76	1543	517	1022	0	267	1366
41e3305635db95437d26c71fbb3e9886_bacteria	131	0	0	64	70	98	64	103	53	53	187	0	149	144	260	557	722	354	0	87	441	473	80	116	157	0	0	0	73	182	185	459	202	1154	0	302	0	149	188	865	97	682	0	56	50	421	1532	727	0	0	89	124	119	75	54	0	304	54	134	0	68	0	88	286	305	0	0	430	161	421	159	352	0	0	0	77	0	0	122	64	2422	3994	621	0	124	0	383	71	0	0	88	0	231	193	232	256	613	0	0	0	0	113	0	133	177	0	578	759	257	63	144	78	0	0	323	333	0	0	0	572	2792	0	0	245	0
ab16c4e2e7a7ffc9a83c0ce1a1036214_bacteria	0	366	0	0	50	167	0	853	197	0	73	89	0	0	148	0	0	79	0	0	59	0	0	108	0	175	127	68	0	239	0	0	172	175	319	0	0	0	57	427	0	884	0	0	0	275	224	0	0	0	59	0	0	0	0	0	155	168	208	0	0	0	235	694	165	0	0	0	1289	152	338	0	85	0	0	0	1727	0	0	2123	590	9304	1949	757	781	0	1805	1150	0	0	0	318	745	0	0	0	162	244	0	451	0	0	0	0	0	0	0	0	0	0	0	0	0	0	0	0	0	0	0	0	0	0	0	0	0
11d0b6aaf61245ed190220edb6779865_bacteria	54	64	93	116	153	0	309	181	0	311	0	355	85	183	261	247	448	264	570	54	229	1485	665	381	505	0	131	172	448	688	555	431	460	535	0	1432	72	586	545	575	1807	1217	1599	1555	781	298	330	341	229	379	217	807	426	1220	1311	639	153	62	139	171	183	362	568	379	274	132	0	202	229	402	335	274	0	177	658	521	1132	716	372	1727	4104	23625	4204	589	1193	2297	1460	777	1444	1034	786	1445	1936	2778	1001	2656	2183	654	64	634	1142	818	2387	155	2663	1089	917	715	1652	423	0	1578	103	0	86	455	51	81	151	357	161	557	0	147	0
0c0605a3c4b75dfc31857a9167487df1_bacteria	169	326	214	86	394	573	787	129	97	431	616	509	488	569	1185	416	757	205	1176	256	1107	1225	432	847	250	0	0	0	372	198	106	550	380	496	0	354	0	238	261	289	818	2167	154	549	347	1083	1236	1451	0	118	806	604	362	414	510	217	0	0	259	109	276	152	132	291	266	0	98	159	836	1349	600	107	0	0	0	0	83	0	0	149	890	7041	3070	143	97	0	1307	2750	224	819	753	243	594	981	1760	734	1131	0	0	0	0	0	162	0	148	409	0	513	476	610	235	182	373	0	0	0	71	0	0	0	975	0	0	0	92
5d45291972b34cd7f9c4cd55ca8a95ea_bacteria	0	0	0	0	263	312	444	128	0	170	344	175	437	408	923	82	0	0	0	0	209	0	277	0	0	0	0	0	61	0	0	950	593	668	0	0	0	0	1041	150	236	207	0	0	0	0	0	0	0	0	1820	197	250	0	0	113	0	0	0	145	103	236	302	1568	2073	96	117	157	742	1339	309	0	0	0	0	0	0	0	0	108	0	183	89	79	0	0	138	237	55	62	0	0	251	221	140	638	290	1573	0	0	0	0	0	0	0	0	0	0	0	0	0	0	0	0	0	0	0	213	0	0	0	0	0	0	0
334a4708e1cedc4f04c44f0f47d2f29e_bacteria	0	225	80	784	638	1611	222	160	0	1173	750	1780	2058	1406	2006	896	2025	1278	197	246	1411	778	909	2397	1277	0	0	0	728	286	295	1834	1973	1699	0	200	145	349	1463	2251	3013	354	326	1944	519	2194	2489	1967	73	258	1098	403	502	627	1809	140	0	0	51	340	374	345	551	717	650	514	201	476	955	874	695	246	0	67	329	105	121	219	125	589	810	5372	1350	127	549	91	699	681	187	93	774	0	1041	391	360	424	675	365	89	218	0	0	50	135	1452	772	504	429	623	478	2200	91	0	0	72	93	0	0	0	65	366	572	0	0	0
943689dc4b1c713707c1520019c4e91d_bacteria	0	0	0	0	65	98	68	616	0	0	52	0	0	0	0	0	0	0	0	0	0	0	0	0	0	0	0	0	57	0	0	93	91	116	0	128	0	849	140	81	52	58	88	0	0	0	0	0	51	0	0	0	0	173	68	0	0	0	0	0	189	96	0	100	54	90	0	142	56	494	338	2672	0	1049	496	4386	404	1793	0	363	429	515	452	473	355	672	0	60	96	0	0	85	387	186	0	1177	69	0	0	0	0	263	61	0	136	372	88	470	583	349	0	84	0	1240	1746	3299	648	430	479	688	4315	2482	0	0	119
162bf54549080b290d1ec8b0e6afbc1b_bacteria	0	0	0	150	810	264	93	0	0	269	372	230	0	61	181	0	0	84	0	109	0	0	0	278	199	0	0	0	101	204	137	492	730	518	0	128	316	130	742	282	195	239	606	166	784	196	284	0	400	505	1695	2069	1030	609	260	1742	0	0	0	219	353	140	183	120	304	369	768	545	424	334	361	0	0	286	0	0	209	78	104	112	262	1041	559	169	536	387	73	139	143	106	312	0	56	0	139	182	0	0	0	0	54	396	346	79	95	558	56	99	137	197	0	2430	5626	55	207	168	921	412	1354	206	1247	89	0	0	1641
d0c26a44a7a8b6ee4ba716861fc44da2_bacteria	0	0	0	67	243	1114	240	0	0	604	386	285	925	944	988	0	0	124	0	157	283	0	139	69	206	240	192	85	656	248	80	1314	1322	1632	132	979	224	1303	1816	1015	1054	4878	3076	839	1280	507	986	1099	336	399	1425	2965	1058	3100	1544	1466	335	74	279	219	298	109	845	578	743	613	202	280	364	1574	383	251	0	614	63	328	944	455	373	1068	3767	15214	5535	714	1433	1422	760	218	340	413	709	111	2153	252	1443	660	717	56	63	0	0	240	349	67	466	378	186	153	382	668	92	0	258	60	75	555	475	93	333	75	963	612	0	58	55
c4e15ee4c6a6debb8ef308d21e737e8e_bacteria	0	199	0	0	76	71	0	0	2399	0	204	0	0	269	0	0	70	135	80	121	75	147	0	0	243	0	0	0	206	622	106	0	0	71	0	192	160	301	0	67	85	0	219	0	0	263	654	0	73	0	104	182	213	211	269	905	0	0	0	0	0	0	148	0	0	0	0	0	0	239	57	0	0	55	0	0	52	0	0	96	95	507	237	0	58	0	226	64	0	50	155	0	0	0	0	163	74	0	0	0	264	270	1309	136	194	386	316	351	250	390	171	1018	1961	607	597	757	1074	492	763	518	1208	244	0	1088	1388
d48f4cda1feee6851d5bcf2d520066b9_bacteria	0	0	160	0	0	458	0	0	0	0	217	716	218	0	58	0	133	0	90	0	0	0	0	0	0	0	123	0	0	0	0	134	70	229	150	0	0	0	175	175	371	241	0	288	68	99	639	102	0	210	110	1307	488	1921	504	0	0	85	90	362	426	229	362	893	929	415	703	246	668	485	705	0	0	0	0	0	0	0	0	0	0	663	233	213	142	0	0	0	636	3052	1781	0	253	0	0	0	123	0	0	0	0	0	0	0	0	0	0	0	0	0	0	0	0	0	0	0	0	0	0	0	115	0	0	0	0
0cb8dc0c56bd0e3524dba46d210b26c9_bacteria	574	0	0	806	2069	1689	50	159	54	884	1589	2972	618	1293	1854	827	2340	2750	0	55	5066	2489	1829	871	356	0	0	0	62	361	907	2146	1561	1814	0	69	751	416	1756	107	1656	0	93	136	171	1938	2976	1142	0	0	721	158	1554	498	339	64	0	0	0	306	478	683	1726	5113	5462	230	373	1196	3410	3541	4216	0	0	0	0	0	0	61	0	8368	0	2159	1054	0	532	0	857	83	168	96	1672	0	1982	853	740	1697	1181	218	0	68	0	0	0	0	0	510	0	524	638	178	0	139	1670	0	0	4842	395	0	118	0	795	0	0	0	0
a11e7d00f7f42af59b01f4684a52fa9d_bacteria	0	0	0	597	332	0	0	0	0	0	0	0	0	0	0	0	0	0	0	0	0	0	0	0	0	0	0	0	52	0	0	408	66	144	0	0	63	0	132	0	0	0	0	0	0	77	0	0	0	0	223	759	683	166	74	817	0	0	0	0	0	143	77	78	0	168	316	371	55	55	0	0	0	0	0	0	0	0	0	0	0	707	91	115	151	58	0	0	0	0	0	0	0	0	0	0	0	0	0	0	0	0	62	0	0	0	0	0	0	0	0	0	60	0	0	0	0	0	0	0	0	0	0	0	387
613010f6345bf00e94847229463fe089_bacteria	0	0	0	0	131	0	0	0	0	0	290	0	131	0	259	93	91	59	0	0	303	78	93	0	75	0	0	0	88	70	77	115	53	182	0	0	0	83	80	0	0	0	0	64	56	0	0	0	0	0	101	0	96	72	0	0	0	0	0	0	50	0	0	78	59	55	0	0	61	97	110	50	0	0	79	0	0	99	0	0	422	3586	1133	0	166	110	122	0	0	0	0	0	61	0	0	84	291	0	0	0	57	71	129	0	0	172	0	367	0	82	0	0	129	173	95	211	0	82	0	328	467	0	0	0	1038
10608cb99e86b1430b6507d8fcb500e6_bacteria	0	66	0	0	0	113	333	77	0	81	0	201	0	0	70	239	163	575	150	767	409	271	300	0	0	0	0	0	640	840	1331	489	207	138	0	717	134	576	110	118	157	84	68	359	637	105	0	91	0	94	110	366	761	214	60	155	0	0	0	58	107	0	0	0	0	0	0	129	0	0	0	0	0	0	72	0	0	0	0	221	0	2054	329	0	53	0	0	122	0	169	141	0	0	53	88	223	271	152	0	0	0	0	126	0	0	0	0	173	194	0	0	299	1138	0	0	0	92	0	0	0	197	0	0	0	0
c4f812a2f2095a7e9a8060a1c5a98588_bacteria	0	0	0	0	0	289	0	0	0	0	0	128	250	182	165	0	0	0	0	0	0	0	0	99	0	85	0	0	0	0	0	0	0	0	0	0	0	0	0	0	0	225	0	0	0	0	0	0	0	0	76	314	52	163	0	0	0	0	86	0	0	154	95	158	0	66	0	0	0	124	84	794	0	0	502	0	0	999	1170	0	0	0	0	194	193	0	0	65	0	51	0	67	222	115	53	0	0	0	0	0	0	0	0	0	0	0	0	0	0	0	0	0	0	0	0	0	0	0	0	0	0	0	0	0	0
01d9e64c5127b7dcec026d0056a8e72b_bacteria	0	0	0	118	77	111	132	0	0	50	0	82	0	0	78	76	359	314	0	0	121	979	0	0	75	0	0	0	0	58	0	0	0	0	0	188	0	65	53	0	287	235	0	0	0	0	0	0	0	56	0	0	0	80	178	0	140	0	0	0	0	0	0	0	0	0	0	0	0	0	60	0	0	0	0	0	0	0	0	74	911	14353	985	0	0	0	0	0	0	598	430	79	76	0	0	0	0	57	0	0	0	0	0	0	50	109	0	66	0	80	0	0	0	0	0	100	317	93	0	0	230	0	0	0	0
1e2dd0b096801694733a077125a20228_bacteria	0	0	0	105	125	123	60	57	0	424	196	296	78	191	287	0	145	777	103	0	153	229	220	328	394	0	0	0	0	0	0	261	289	356	0	0	0	0	165	186	248	121	78	175	73	66	87	301	0	70	331	196	229	80	195	0	53	0	0	0	0	0	0	89	164	0	0	114	263	141	110	0	0	50	50	0	100	0	0	0	491	4415	1337	0	0	0	206	149	76	131	369	53	101	0	54	249	396	0	0	67	0	0	0	0	0	176	0	79	103	222	0	55	0	0	0	0	0	0	0	0	0	0	0	0	0
761c2dba8986aae73bba9bb0f0dbae14_bacteria	0	0	0	683	738	334	0	0	0	0	245	0	0	0	469	69	431	522	0	100	226	199	453	0	321	0	0	0	99	383	464	201	369	325	0	0	98	57	123	401	151	0	0	0	0	0	0	435	0	0	0	0	0	0	0	0	0	0	0	53	0	0	0	72	136	0	0	144	224	0	51	0	0	0	0	0	0	0	0	0	438	235	472	0	204	51	110	123	0	0	0	0	0	0	0	64	257	0	0	0	0	128	355	0	0	108	0	109	0	156	0	578	4436	0	0	0	0	0	0	84	0	0	0	0	131
ad1bc6953fe661253a1301a0dffd0535_bacteria	0	0	0	0	0	0	0	0	0	0	0	0	137	0	577	107	146	79	0	0	96	136	109	0	0	0	0	0	68	0	0	65	53	61	57	0	0	0	98	53	237	752	92	0	0	53	0	90	76	0	0	0	0	0	272	0	91	0	0	0	0	0	0	0	101	0	0	0	0	103	0	0	0	0	0	0	0	160	0	0	564	816	272	0	0	0	0	0	0	78	140	59	83	82	121	157	519	0	0	0	0	0	0	0	202	77	59	93	0	435	0	0	0	0	211	440	0	67	110	0	0	0	0	0	109
410eb181ab34fd951e2c531978b6faae_bacteria	0	0	0	0	73	185	0	0	0	201	231	1068	166	103	233	0	172	113	0	0	156	0	307	180	0	0	0	0	0	0	0	151	545	180	0	0	0	0	677	0	0	0	0	0	0	0	0	167	0	0	51	0	95	297	0	0	0	0	0	90	151	116	861	512	1609	0	78	0	239	691	299	0	0	0	0	0	0	0	0	0	0	0	0	0	0	0	0	0	0	0	74	0	70	0	0	0	0	0	0	0	0	0	0	0	0	0	0	0	0	0	0	0	0	0	0	120	0	0	0	0	0	0	0	0	0
e8685172a54f1bfdffcce32273cb42f3_bacteria	0	0	0	0	0	0	0	0	0	67	0	0	0	63	0	0	0	0	0	0	0	0	0	0	0	0	0	0	0	0	96	0	0	0	0	125	0	316	0	0	0	0	0	0	0	0	0	0	213	179	0	0	0	0	0	0	0	0	0	0	0	0	0	0	0	0	0	0	0	0	0	0	0	0	0	71	0	0	0	0	565	467	371	442	672	201	0	0	0	0	0	0	0	0	0	0	0	0	0	0	80	337	629	0	1199	351	118	0	0	0	0	596	2682	429	103	357	281	127	366	631	517	0	0	0	4555
30915dab539abea2a31d47ae7d90792e_bacteria	0	0	0	0	0	0	0	0	0	0	0	0	0	0	0	0	0	0	0	0	0	0	0	0	0	0	0	0	0	0	0	0	0	0	0	0	0	0	0	0	0	0	0	0	0	0	0	0	0	80	0	0	0	0	0	0	159	0	161	0	0	0	0	0	0	0	0	0	0	0	0	0	0	0	0	0	0	0	0	0	96	0	0	0	0	0	0	0	0	0	0	0	0	0	0	0	0	0	52	0	0	0	0	0	79	70	0	0	0	0	0	178	279	0	60	91	175	0	0	0	0	0	0	0	0
30432de9f6dd4c74cc5042a8d0ece70f_bacteria	183	66	0	0	0	0	0	0	941	0	0	0	0	339	0	0	0	0	0	0	0	0	0	327	164	0	0	0	0	0	0	0	0	0	0	0	0	0	0	0	0	0	335	0	73	203	368	0	0	0	0	0	0	0	204	552	56	0	125	0	0	0	178	0	0	0	0	0	0	497	0	0	0	0	0	0	0	0	0	0	0	0	0	0	0	0	0	0	0	0	0	0	0	0	0	0	0	0	0	0	0	0	0	0	77	0	0	0	0	0	0	50	0	0	0	76	0	0	0	0	0	0	0	0	0
064cd789fb8e827f4ab320316d71e12a_bacteria	0	0	0	0	0	0	0	0	0	0	0	0	0	0	0	0	0	87	0	0	0	50	0	0	0	0	0	0	0	107	53	0	0	0	0	140	0	143	0	0	0	95	85	0	0	138	0	97	0	0	57	0	0	116	246	104	0	0	0	0	0	0	0	0	0	0	0	0	0	0	0	0	0	0	0	0	0	0	0	126	147	78	117	0	91	99	0	0	0	0	0	0	0	0	0	0	0	0	0	0	0	59	68	0	459	217	0	0	56	114	134	0	272	0	67	178	240	461	77	139	187	70	0	0	0
f3f92c383527fe95a92d58291e300654_bacteria	0	126	420	81	0	115	98	175	187	0	68	282	538	129	510	102	646	0	0	0	148	115	78	0	0	0	72	0	0	0	0	0	0	0	0	90	0	0	70	61	259	1595	215	0	0	52	0	194	321	147	61	178	55	0	592	0	283	81	148	0	0	0	277	224	62	0	0	0	0	132	55	0	0	0	0	0	651	52	0	0	2305	4950	1515	401	0	347	0	0	243	0	81	69	171	98	0	65	84	0	265	0	0	0	0	0	403	0	0	0	0	71	0	0	0	0	0	98	0	0	0	0	0	0	0	0	0
20b02741232f1c067a84cab7b52256ee_bacteria	0	0	0	87	287	162	0	86	114	422	226	363	0	103	145	390	236	247	0	84	376	355	265	109	125	0	0	0	55	0	0	355	233	260	0	0	0	0	212	309	224	0	123	56	154	109	85	134	219	327	410	218	384	130	0	0	109	0	88	398	301	307	162	119	251	297	443	474	564	149	407	0	0	0	0	0	0	0	0	474	263	1830	1184	0	0	0	386	348	329	205	1165	0	212	0	82	147	66	0	0	52	0	0	0	0	248	114	0	137	0	77	0	323	3154	0	0	103	134	0	115	0	70	0	0	0	0
fb613c9c4a86c7589b321ffb051a485c_bacteria	0	0	0	0	52	0	0	182	0	257	0	97	107	0	97	102	0	500	0	0	86	0	89	630	0	0	0	0	0	0	0	0	0	0	0	0	0	0	0	0	0	0	0	151	0	0	0	70	0	0	146	275	0	0	125	0	50	0	0	254	265	294	336	394	384	448	998	129	971	396	1262	0	0	0	0	0	0	0	0	139	0	1025	0	172	0	0	0	0	0	0	130	0	0	186	0	77	109	0	0	86	0	0	0	0	0	0	0	0	0	0	0	0	138	0	0	0	0	0	0	0	0	0	0	0	0
ce8fe047f6c78ee3610cc355efd59beb_bacteria	0	0	0	0	0	0	0	0	0	0	0	0	456	0	1352	128	1077	0	0	0	87	313	0	172	0	0	0	0	0	0	0	0	0	86	0	0	0	0	0	0	108	0	0	0	113	1431	923	103	0	0	3420	0	0	67	552	297	0	0	0	0	0	0	0	103	53	0	0	121	153	0	154	0	0	0	0	0	0	0	0	440	126	1648	81	70	0	0	0	0	0	0	64	0	580	728	1099	1322	801	0	0	0	0	0	51	0	0	0	0	362	0	0	0	0	0	0	0	62	0	0	0	0	0	0	0	0	0
e1a8c7e8c3549b8c8130fe8c6d366052_bacteria	0	0	0	71	73	157	0	0	0	53	200	137	0	59	0	0	0	0	0	0	0	0	0	0	0	0	0	0	0	0	0	0	0	55	0	0	0	0	57	0	0	83	74	0	50	0	0	0	0	0	79	130	74	231	0	95	0	0	0	0	75	0	0	62	0	0	0	0	79	197	59	0	0	0	0	0	0	0	0	0	55	1532	479	164	237	392	58	114	0	0	0	0	74	0	218	118	78	0	0	63	0	0	57	0	0	0	0	0	68	0	0	0	0	0	0	0	91	0	0	0	141	0	0	0	0
eb9cdec519d0a08dcfb47dfac31c9b82_bacteria	0	0	0	226	750	703	135	178	0	368	2003	748	51	440	165	0	0	232	0	0	0	98	0	56	133	66	0	0	119	0	0	241	426	1504	0	253	265	81	830	92	164	598	1229	826	1011	109	227	182	178	256	555	352	198	1200	73	2752	0	0	0	85	142	64	188	107	226	394	459	336	340	424	386	126	0	67	0	125	101	250	201	192	445	2256	1366	781	874	669	73	203	0	485	63	0	255	0	678	64	186	0	0	89	0	0	0	87	50	0	61	56	104	193	0	227	2962	264	0	73	1543	54	592	0	252	299	0	0	1608
6f0c774f7177fa246b2e3d023979a44d_bacteria	0	0	0	0	0	0	0	56	0	0	0	0	0	0	0	0	0	0	0	0	0	0	0	0	0	0	0	0	0	0	0	0	0	0	0	0	0	0	0	0	0	238	275	0	0	0	0	0	0	0	0	0	0	0	0	0	78	149	74	52	58	0	172	50	0	0	0	54	0	107	0	0	0	0	0	0	0	0	0	0	557	1064	348	0	80	171	0	0	0	84	0	0	0	0	0	0	0	0	0	0	0	0	0	0	0	0	0	0	0	0	0	0	0	0	0	0	0	0	0	0	0	67	0	0	0
59f72dd6eaf2a9d277540becada0fb4c_bacteria	0	0	0	0	112	111	0	0	163	0	155	117	0	0	0	0	0	0	0	0	0	0	0	0	0	0	0	0	0	0	0	78	0	66	0	0	56	0	0	68	0	68	57	0	0	0	0	0	67	0	57	137	155	318	0	531	0	0	0	0	107	0	0	0	66	59	50	160	0	128	0	0	0	0	0	0	0	0	0	0	189	418	405	0	73	54	0	0	0	79	52	0	0	0	0	50	0	0	0	0	0	90	57	0	224	70	0	0	70	215	0	226	2221	0	0	138	367	0	153	0	290	90	0	0	229
cfad561ce0a5f1aaddf0970d204a1e35_bacteria	0	0	0	0	0	235	76	74	0	0	58	0	0	0	62	115	106	144	132	114	0	52	55	0	0	0	0	0	191	253	110	0	0	0	0	113	89	214	0	0	105	172	123	0	0	0	0	58	0	0	54	85	60	290	0	163	0	0	0	0	0	0	0	0	0	0	0	0	0	0	0	0	0	0	0	0	0	0	0	0	674	944	835	116	105	0	385	277	123	368	567	0	73	380	105	1680	1290	404	50	188	0	123	169	364	0	431	175	160	149	389	0	0	246	126	616	150	154	76	194	82	110	365	0	641	65
61ee56e0408347b925580754c0228fac_bacteria	0	0	0	0	0	0	0	0	0	0	0	0	0	0	0	0	0	0	0	0	0	0	0	0	0	0	0	0	0	0	0	0	0	0	0	0	0	57	0	80	0	0	0	0	176	0	0	0	0	0	0	142	0	259	0	0	0	0	0	0	0	0	0	0	0	0	0	0	0	0	0	0	0	0	0	0	0	0	0	72	0	0	71	0	76	0	0	0	0	126	0	0	0	0	0	0	0	0	0	0	0	0	0	0	0	0	0	0	0	0	0	0	496	0	0	0	0	0	0	0	0	0	0	0	0
f4b9d485eddb4c75564e197d92e91abd_bacteria	0	0	0	125	144	0	0	0	0	65	0	72	0	0	0	0	90	108	0	0	97	107	90	82	50	0	0	0	0	51	0	68	278	173	0	0	0	0	65	103	50	0	132	0	0	0	0	87	83	0	117	153	67	60	69	56	0	0	0	0	152	53	0	56	171	0	0	57	241	527	181	0	0	0	0	0	0	0	205	0	72	977	599	0	284	0	0	75	0	53	168	0	366	350	267	170	332	0	0	0	0	0	0	0	0	67	0	81	0	0	0	0	0	0	0	0	0	0	0	0	0	0	0	0	0
502b0a65026efd878a4e4c9295cc9e01_bacteria	0	0	0	56	320	75	0	0	0	134	63	318	0	89	53	0	0	0	0	84	0	69	0	50	55	0	0	0	0	0	0	0	0	58	0	0	149	0	84	0	0	0	156	0	56	0	0	0	0	0	400	168	192	82	0	349	0	0	0	0	52	0	0	0	109	0	0	104	0	0	0	0	0	0	0	0	0	0	0	0	103	472	493	0	50	75	51	0	0	0	0	0	0	0	91	50	0	0	0	0	65	0	92	92	0	153	0	0	0	131	0	94	804	0	0	0	264	72	98	55	233	54	0	0	0
520fe6acd695f8e09998c6746855e420_bacteria	0	0	0	0	0	0	0	0	0	0	0	0	0	0	0	0	0	0	0	0	0	0	0	0	0	0	0	0	0	0	64	0	51	0	0	0	0	0	0	0	93	0	83	0	193	0	0	0	0	0	196	0	68	0	0	0	0	0	0	0	0	0	0	0	102	0	0	0	0	0	0	0	0	0	0	0	0	0	0	0	57	245	224	0	0	0	0	0	0	0	0	0	0	0	0	0	0	0	0	0	0	315	51	54	165	179	0	0	0	0	0	245	2431	94	0	0	451	215	263	0	176	0	0	810	270
958e14f4806af8a06db61870561138f7_bacteria	0	0	0	54	720	342	0	0	0	239	826	111	0	137	0	0	0	643	0	0	0	0	54	0	0	0	0	0	0	90	72	228	180	60	0	155	1119	91	122	281	0	0	115	0	123	0	0	0	0	0	800	0	0	90	0	0	0	0	0	0	0	0	0	0	0	0	0	0	0	0	0	0	0	0	0	0	0	0	0	0	432	1935	1050	100	172	261	59	62	0	140	0	0	211	82	155	211	105	0	0	0	0	369	0	0	57	100	148	178	57	225	0	0	0	153	66	156	199	0	251	67	77	54	0	0	219
5021bd1879d31f301889c2bfafefb3d2_bacteria	0	0	0	0	101	0	57	0	0	0	351	0	0	0	0	0	0	0	0	0	0	0	0	0	0	0	0	0	129	0	0	79	0	60	0	50	0	0	52	0	0	0	0	0	0	0	0	0	0	0	0	0	263	0	0	0	0	0	0	0	0	0	0	0	0	0	0	251	0	0	0	0	0	0	0	0	0	0	0	0	0	0	0	0	56	60	0	91	0	0	0	0	0	0	0	51	0	0	0	0	0	55	0	0	0	0	0	0	0	0	0	0	0	0	0	0	151	0	0	0	0	0	0	0	156
3ade6fe2d83cee514a202e7c8237dc14_bacteria	0	0	0	0	0	0	0	0	0	0	70	0	0	55	0	0	0	64	0	0	0	0	0	0	0	0	0	0	0	0	0	0	0	0	0	0	0	0	0	0	0	0	0	0	0	0	0	0	0	0	0	0	0	0	0	0	0	0	0	0	0	0	0	0	0	0	0	0	0	0	0	0	0	0	0	0	0	0	0	0	111	62	0	0	0	0	52	0	0	0	0	0	0	0	0	0	0	0	0	0	0	0	137	59	0	108	0	66	0	89	0	355	1798	0	0	0	464	106	0	0	0	0	0	0	0
41701e0adab2a616c9ee9b352beca639_bacteria	0	0	0	0	0	103	0	0	0	0	0	0	0	0	0	0	52	0	0	0	336	89	0	0	0	0	0	0	0	104	52	177	0	0	0	88	0	0	111	0	71	0	107	0	0	0	0	0	0	0	63	0	96	262	107	204	0	0	0	0	0	0	0	0	0	0	0	0	0	378	0	0	0	0	0	0	0	0	0	0	85	532	109	0	55	0	150	0	0	0	153	0	0	0	0	60	0	0	0	0	0	0	0	0	86	0	0	0	0	78	0	0	587	0	0	0	0	0	0	0	147	0	0	0	0
eb434ae05f7cf08515f5a9eedc7b77b9_bacteria	0	0	0	0	0	0	0	0	0	0	0	0	0	0	0	0	0	0	0	0	0	0	0	0	0	0	0	0	0	0	0	0	0	0	0	0	0	0	0	0	0	0	0	0	0	0	0	0	0	0	86	202	0	277	0	235	0	0	0	0	0	0	0	0	0	0	0	0	0	0	0	0	0	0	0	0	0	0	0	0	0	76	103	0	0	0	0	0	0	0	0	0	0	0	0	0	0	0	0	0	0	60	0	0	0	64	53	0	0	63	126	55	611	0	0	129	222	0	0	0	85	0	0	368	51
a596ae48f107278dfad5dc9a569a633f_bacteria	0	0	0	62	60	58	67	55	0	62	0	0	0	55	51	0	0	0	0	0	0	168	0	0	0	0	0	0	152	94	51	0	0	0	0	308	96	197	0	0	63	54	309	55	142	60	0	56	0	0	0	64	51	0	0	50	0	0	0	0	0	0	0	0	0	0	0	0	0	75	0	0	0	0	0	0	0	0	0	0	425	288	155	0	98	198	59	57	0	0	0	0	0	0	0	0	0	0	0	0	0	0	0	0	0	0	0	0	0	52	0	0	0	0	0	0	98	0	50	0	0	0	0	0	0
c0136f74153f1adf7ea7091baa9525d8_bacteria	0	0	0	0	0	0	0	0	0	0	0	0	0	0	0	0	0	0	0	0	0	0	0	0	0	0	0	0	0	0	0	0	0	0	0	0	0	135	0	0	0	0	0	0	0	0	0	89	0	0	0	0	0	0	0	0	0	0	0	0	0	0	0	0	0	0	0	0	0	0	0	0	0	0	0	0	0	0	0	0	0	267	0	0	0	0	117	0	0	0	0	0	0	0	0	0	0	0	0	0	0	63	0	0	0	0	0	64	51	0	283	0	0	0	460	120	0	111	137	186	0	0	0	104	0
96ebb5a9fbca50d3964296bb818d9861_bacteria	0	0	0	0	102	508	0	117	0	76	239	52	58	58	115	0	0	0	0	0	0	0	0	0	0	0	0	0	0	0	0	0	60	0	0	0	99	0	0	0	0	228	118	0	125	0	0	0	0	0	0	0	0	206	0	0	0	0	0	0	90	0	51	61	119	215	0	0	165	192	152	88	0	0	0	0	0	0	54	70	257	897	545	455	558	316	0	136	0	51	0	0	188	0	228	130	117	0	0	0	0	0	0	0	0	0	0	0	0	72	0	0	103	87	0	120	323	0	130	0	146	319	0	0	63
17eb8ebaa3d7404b362330e42a6d9149_bacteria	0	0	0	99	248	0	213	183	0	380	174	139	69	689	417	0	0	0	0	0	0	0	0	0	0	0	0	0	0	0	0	0	0	0	0	0	0	0	0	0	0	73	0	0	0	0	0	0	0	0	0	0	0	0	0	0	0	0	80	0	0	0	0	0	0	0	0	0	0	0	0	0	0	0	0	0	0	0	0	0	0	0	0	0	0	0	0	61	0	0	86	0	0	0	0	0	0	0	0	0	0	0	0	0	0	0	0	0	0	0	0	0	0	0	0	0	0	0	0	0	0	0	0	0	0
54693a9cf3c76c547dc9b56b6e9b266f_bacteria	0	0	0	0	0	0	0	0	0	0	86	0	63	0	52	132	327	0	0	0	355	659	326	0	0	0	0	0	84	308	111	93	95	75	0	138	0	62	118	0	185	0	0	0	111	0	0	78	0	0	122	82	140	0	193	0	0	0	0	0	53	0	482	98	56	0	0	0	63	127	111	0	0	0	0	0	0	0	0	0	0	51	173	0	0	0	0	0	0	0	0	0	402	289	678	112	322	97	0	0	0	0	0	0	0	0	0	0	0	0	0	0	0	0	0	0	0	0	0	0	0	0	0	0	0
f26613069d47c75ba35ac6e391427f1d_bacteria	0	107	86	0	0	57	0	188	0	99	0	0	130	140	114	64	0	0	59	143	0	0	0	52	0	0	0	0	0	0	106	0	0	0	0	0	0	67	0	0	0	427	0	0	0	0	0	72	131	328	0	0	0	0	0	0	65	0	0	0	0	0	0	0	0	0	0	0	0	0	0	0	0	0	0	389	0	0	0	0	207	498	215	0	0	194	68	1176	0	65	0	0	0	0	0	0	0	0	0	0	0	143	0	0	364	217	0	0	0	0	72	0	0	0	427	410	229	293	194	92	0	682	0	1988	664
a3b134fae5f1a2aa2a17c919b5c3a922_bacteria	0	0	0	0	0	154	0	0	0	278	0	53	0	73	60	0	0	0	0	0	0	0	0	0	0	0	0	0	0	0	0	0	0	56	0	98	60	0	0	0	0	113	91	0	0	0	0	0	0	0	0	0	0	0	0	0	0	0	0	0	0	0	0	0	0	0	0	0	0	0	0	0	0	0	0	0	0	0	0	0	125	455	182	74	85	56	0	0	0	0	0	0	84	0	124	0	0	0	0	0	0	0	0	0	0	0	0	0	0	0	0	0	0	0	0	0	168	0	0	0	52	127	0	0	0
58fe37239368831978117dc5136718fe_bacteria	0	0	0	102	118	0	65	0	0	237	127	117	0	67	76	0	0	0	0	0	0	0	72	61	83	0	0	0	0	0	0	174	414	160	0	0	0	0	310	151	0	0	0	50	0	0	56	0	0	0	336	162	164	143	0	68	0	0	0	0	0	0	0	0	0	0	0	103	0	0	0	0	0	0	0	0	0	0	0	0	0	791	317	0	0	0	0	60	0	0	0	0	0	0	0	0	0	0	0	0	0	0	0	0	0	0	0	0	0	0	0	0	0	0	0	0	0	0	0	0	0	0	0	0	0
ed6fcc3e0305e5fa551e1c67f33c1226_bacteria	0	0	0	0	101	0	0	0	0	0	0	0	0	0	0	0	0	307	0	0	0	0	0	0	0	0	0	0	0	76	0	64	55	0	0	0	55	63	56	0	0	0	54	0	76	0	0	0	0	0	93	0	0	71	0	0	0	0	0	0	0	0	0	0	0	0	0	0	0	0	0	0	0	0	0	0	86	70	0	0	72	467	385	0	0	226	120	0	0	0	0	0	58	0	0	0	0	0	0	0	0	199	0	0	0	0	146	207	53	350	0	0	122	0	0	116	61	0	520	0	279	0	0	0	302
3c2ce1fb455f0c4db329115c9d355ab3_bacteria	0	0	0	0	70	0	0	0	0	0	70	0	0	0	83	0	73	55	0	0	110	70	105	0	0	0	0	0	64	54	0	57	52	162	0	63	0	117	80	60	130	0	198	63	59	0	0	0	0	0	904	275	597	94	89	335	0	0	0	0	0	0	0	0	0	0	69	0	0	0	0	0	0	0	0	0	0	0	0	0	131	1087	798	0	0	0	0	0	0	0	0	0	0	0	0	0	104	0	0	0	0	0	0	0	0	0	0	175	0	0	0	0	115	0	0	0	60	0	57	0	81	0	0	0	54
bd6595653c85ab4ed0535ca16ddfa7ae_bacteria	0	0	0	0	0	90	180	52	0	51	0	50	0	95	55	0	0	0	0	0	0	0	0	0	0	0	0	0	94	113	50	0	0	76	0	195	75	105	76	55	0	78	131	0	52	0	0	0	0	50	52	94	0	55	50	94	62	0	0	0	0	0	0	0	0	0	0	0	0	85	0	0	0	0	0	0	0	0	0	110	895	2002	866	90	88	203	107	0	0	85	58	0	85	0	107	100	67	0	0	70	0	0	0	0	97	50	117	314	361	494	0	0	58	90	0	85	129	0	59	0	648	105	0	0	0
727a0019cd714f3c1254b93a94a9aabe_bacteria	0	0	0	0	0	0	0	0	0	0	0	0	0	0	0	0	0	0	0	0	0	0	0	0	0	0	0	0	0	0	0	0	0	0	0	0	0	0	0	0	0	0	0	0	0	0	0	0	0	0	0	0	0	0	0	0	0	0	0	0	0	0	0	0	0	0	0	0	0	0	0	0	0	0	0	0	0	0	0	0	299	409	461	0	77	0	0	0	0	0	0	0	0	0	0	0	0	0	0	0	65	192	346	0	95	334	59	252	194	190	0	0	822	345	78	167	526	167	303	144	382	148	0	0	367
cb7f33c9ab6b6cc48e850692a6e57201_bacteria	0	0	0	0	0	154	0	0	0	0	66	0	0	0	0	0	0	0	0	64	0	0	0	0	0	0	76	0	76	0	0	71	110	94	0	86	84	89	130	112	0	347	265	0	85	0	74	53	119	0	151	531	100	385	70	267	53	0	63	0	0	0	0	0	0	50	0	0	0	126	61	0	0	0	0	72	124	0	0	0	86	802	621	332	393	180	0	53	0	0	0	0	94	0	137	0	0	0	0	0	0	0	0	0	50	0	78	55	0	169	0	0	93	81	0	53	232	68	0	0	849	171	0	0	52
87175665ea2f0ba525a6c4bce5e2d7f2_bacteria	0	0	0	0	0	0	0	0	0	0	0	0	0	0	0	0	0	0	0	0	0	0	0	0	0	0	0	0	0	0	0	0	0	0	0	0	0	0	0	0	0	135	0	0	0	0	0	0	0	0	0	50	0	50	0	0	0	0	58	0	0	0	0	0	0	0	0	0	0	0	0	0	0	0	0	0	0	0	0	0	0	351	0	1058	906	118	0	0	0	156	0	0	0	0	126	0	0	0	0	0	0	0	0	0	0	0	0	0	0	0	0	0	0	0	0	69	0	0	0	0	199	323	0	0	106
6b9ca3313d241ab32629d7d007bfa458_bacteria	0	0	0	0	0	0	0	0	0	0	213	0	0	0	380	0	0	235	0	0	0	240	145	0	0	0	0	0	68	85	0	0	0	0	0	0	0	0	0	0	0	0	0	0	0	0	0	0	0	151	102	86	90	0	0	0	0	0	0	0	0	0	0	0	0	0	0	0	0	0	0	0	0	0	0	0	0	0	0	0	0	312	0	0	0	0	69	0	0	130	164	0	0	54	70	0	0	0	0	0	0	0	0	91	0	0	0	120	0	0	0	64	83	0	51	0	0	0	0	0	95	0	0	0	0
427faf4c79ebf8288c8dc1c34cb6273e_bacteria	0	0	0	521	946	218	73	0	0	682	414	513	147	538	403	0	0	0	0	0	477	0	105	139	67	0	0	0	0	0	0	503	597	742	0	0	0	0	685	322	197	0	0	0	0	109	223	69	0	0	0	0	0	0	0	0	0	0	0	193	217	183	135	187	286	286	400	408	601	55	375	0	0	0	0	0	0	0	0	0	0	0	0	0	0	0	0	67	0	0	0	0	0	0	0	0	0	0	0	0	0	0	0	0	0	0	0	0	0	0	0	0	0	0	0	0	0	0	0	0	0	0	0	0	0
2f25e52d298c8f4f1f4b648383bed31c_bacteria	0	0	0	0	0	0	0	0	0	0	0	0	0	0	0	0	0	0	0	0	0	0	0	0	0	0	0	0	0	0	0	0	0	0	0	0	0	0	0	0	0	0	0	0	0	0	0	0	0	0	0	0	0	0	0	0	0	0	0	0	0	0	0	0	0	0	0	0	0	0	0	0	0	0	0	0	0	0	0	102	125	129	228	0	0	0	114	0	0	0	0	0	0	0	0	0	0	0	0	0	137	87	264	0	71	244	0	0	0	112	0	385	786	65	117	66	449	93	0	0	93	0	0	136	128
53d2340d5f7b4ef070da39397346b625_bacteria	0	0	0	0	0	0	0	0	0	62	0	0	0	0	0	0	0	0	0	0	0	0	0	0	0	0	0	0	54	0	0	0	0	0	0	184	52	0	0	0	0	0	0	0	0	0	0	0	78	0	0	0	0	0	0	0	0	0	0	0	0	0	0	0	0	0	0	0	0	0	0	0	0	0	0	0	0	0	0	0	766	283	196	0	0	0	71	67	0	0	0	0	0	0	0	0	0	0	0	0	50	311	139	0	0	374	0	0	55	316	0	103	388	338	122	80	1239	178	363	66	216	390	0	87	399
c256985cf7f385fa0e158aac9692f64d_bacteria	0	118	95	0	0	66	0	61	0	0	0	0	357	0	0	123	472	249	0	0	151	232	107	0	0	0	0	0	0	0	0	0	0	0	0	0	0	0	0	0	0	0	0	0	0	0	0	0	0	0	0	0	0	0	0	0	0	0	0	0	0	0	0	0	0	0	0	0	0	65	0	0	0	0	0	0	0	0	0	0	0	384	0	0	0	0	0	0	0	0	0	0	315	301	219	157	211	0	0	0	0	0	0	0	649	75	0	0	0	0	0	0	0	0	0	0	0	0	0	0	0	0	0	0	0
8592bfbdc869e66e390f54ea07547ee2_bacteria	0	0	0	0	0	145	0	0	0	0	104	0	0	67	100	0	0	0	0	0	0	0	0	0	0	0	0	0	0	0	0	0	0	53	0	0	0	0	0	0	0	211	62	0	102	0	0	0	0	0	75	0	327	0	57	280	0	0	0	0	0	0	75	93	150	0	0	56	100	224	65	0	0	0	0	0	0	0	0	0	188	1601	861	0	0	0	0	0	0	0	53	0	233	56	155	60	147	0	0	0	0	0	0	0	0	0	0	0	0	0	0	0	0	0	0	0	0	0	0	0	0	0	0	0	0
a50637e49cb2e7062c4fe563e8804b5c_bacteria	0	0	0	0	0	0	0	0	0	0	0	0	0	0	0	0	0	0	0	0	872	0	0	0	0	0	0	0	0	0	0	0	76	170	0	0	0	0	84	0	167	0	0	65	58	73	0	0	0	0	0	0	0	0	0	0	0	0	0	111	302	95	279	311	112	0	0	132	531	175	615	0	0	0	0	0	0	0	0	0	0	0	0	0	0	0	0	0	0	0	101	0	0	0	0	0	0	0	0	0	0	0	0	0	0	67	0	0	0	0	0	0	0	0	0	0	0	0	0	0	0	0	0	0	0
4faf22474cef7bf9d255c73cd9db118e_bacteria	0	0	0	0	85	88	0	0	0	0	103	0	480	0	119	0	285	0	0	0	0	86	0	0	0	0	0	0	85	342	915	71	0	396	0	58	0	92	123	0	68	0	67	0	50	87	0	0	0	0	88	64	74	0	0	0	0	0	0	0	0	0	0	81	0	0	58	109	0	0	0	0	0	0	0	0	0	0	0	0	0	0	0	0	0	0	0	0	0	0	0	0	0	0	0	0	0	0	0	0	0	0	0	0	0	0	0	77	0	0	0	0	0	0	0	0	0	0	0	0	0	0	0	0	0
12ce93ddd82908b0631426465fc4feff_bacteria	0	0	0	0	0	0	63	0	0	0	0	100	0	70	56	0	0	0	0	0	0	0	0	0	0	0	0	0	0	0	0	81	84	297	0	0	0	0	145	0	0	235	61	0	52	0	122	0	0	0	90	99	178	0	0	0	0	0	0	0	68	0	0	85	230	73	141	60	102	308	78	0	0	0	0	0	0	0	0	0	55	247	238	0	0	0	0	0	0	0	0	0	102	53	91	0	0	0	0	0	0	0	0	0	0	0	0	0	0	0	0	0	0	0	0	0	0	0	0	0	0	0	0	0	0
b598deaaba68fcee9069b4ac1f0ffe7c_bacteria	0	0	52	157	213	160	130	0	0	179	504	96	0	232	92	0	0	0	0	0	0	0	0	72	0	0	0	0	0	0	0	125	113	128	0	0	0	0	108	178	0	0	0	0	0	0	0	72	0	0	0	0	0	0	0	0	0	0	0	0	0	0	0	0	0	0	0	59	62	0	0	0	0	0	0	0	0	0	0	0	0	0	0	0	0	0	0	0	0	0	0	0	0	0	0	0	0	0	0	0	0	0	0	0	0	0	0	0	0	0	0	0	0	0	0	0	0	0	0	0	0	0	0	0	0
66e3d8d65c7d38086039152ae0eea786_bacteria	0	0	0	0	0	0	0	0	0	0	0	0	0	0	0	0	0	0	0	0	0	0	0	0	0	0	0	0	0	0	0	0	0	0	0	107	0	68	0	0	0	0	0	0	0	0	0	0	0	0	0	0	57	0	0	0	0	0	0	0	0	0	0	0	0	0	0	0	0	0	0	0	0	0	0	0	0	0	0	0	549	72	170	0	0	0	0	0	0	83	130	0	0	0	0	0	57	0	0	0	0	0	0	0	143	167	0	0	0	0	0	0	0	0	191	0	0	0	0	0	0	93	0	0	0
9f9db7a86cad05f5ce499615c163e8a9_bacteria	0	0	0	0	0	0	0	0	0	0	0	0	0	0	0	0	0	0	0	0	0	0	0	0	0	0	0	0	0	0	0	0	0	0	0	0	0	0	0	0	0	0	0	0	0	0	0	0	0	0	0	0	0	0	0	0	0	0	0	0	0	0	0	0	0	0	0	0	0	0	0	0	0	0	0	0	0	0	0	0	0	89	73	0	0	0	0	0	0	0	0	0	0	0	0	0	0	0	0	0	0	50	99	0	0	0	0	52	0	0	0	149	438	0	0	0	113	60	0	57	76	0	0	55	0
fc72483f66338779d31c85dada4f5711_bacteria	0	0	0	0	0	54	0	0	0	0	0	0	0	0	0	0	0	0	0	0	0	0	0	0	0	0	0	0	0	0	0	0	0	0	0	0	0	0	53	0	0	82	0	0	0	0	0	0	0	0	100	0	442	59	55	0	0	0	0	0	64	0	0	0	0	0	0	0	0	153	0	0	0	0	0	0	0	0	0	0	75	177	153	70	121	0	0	0	0	0	0	0	66	0	72	84	0	0	0	0	0	0	0	0	0	0	0	0	0	0	0	0	0	0	0	0	0	0	0	0	0	0	0	0	0
486eef6f6e7d9269c40a644d2d6832d6_bacteria	0	0	0	0	0	0	0	0	0	0	0	0	0	0	0	0	0	301	0	0	0	0	0	0	0	0	0	0	0	0	0	0	0	0	0	0	0	0	0	0	0	0	0	0	0	0	0	0	0	0	0	0	0	56	0	89	0	0	0	0	0	0	0	0	0	0	0	0	0	0	0	0	0	0	0	0	0	0	0	0	0	0	0	0	0	0	0	0	0	0	0	0	0	0	0	0	0	0	0	0	0	0	0	0	0	0	58	0	0	0	0	0	55	69	69	0	456	129	144	52	377	0	0	0	0
64d446be25ef73bf9cdd2d1c75b28328_bacteria	0	0	0	0	58	0	91	121	0	122	50	135	52	0	0	0	0	0	0	0	0	0	0	0	0	0	0	0	85	0	0	0	62	62	0	210	108	104	69	0	0	112	307	0	74	0	0	0	0	0	77	77	60	161	0	53	0	0	0	0	52	0	0	0	0	0	0	54	0	82	0	0	0	0	0	0	0	0	0	0	395	677	861	393	236	223	52	111	0	231	51	0	248	70	438	89	169	0	76	0	0	0	0	0	0	0	76	57	65	251	0	71	187	0	0	96	86	0	131	0	0	63	0	0	0
be23ac7180eac196be3e0514333d4301_bacteria	0	0	0	82	160	0	0	0	0	0	1256	126	0	84	150	0	143	0	0	0	0	0	227	0	0	0	0	0	0	0	0	112	164	190	0	0	0	0	169	0	0	0	108	0	109	0	0	0	0	0	240	533	152	107	0	122	0	0	0	185	0	243	156	122	324	106	401	129	583	473	287	0	0	0	0	0	0	0	0	0	0	0	89	0	213	61	0	0	0	0	0	0	0	0	74	0	0	0	0	0	0	0	0	0	0	0	0	0	0	0	0	0	0	0	0	0	0	0	0	0	0	0	0	0	0
9193e9a1200e44850cc298b351abbff4_bacteria	0	0	0	0	0	0	0	0	0	120	0	0	0	0	0	0	0	0	0	0	0	0	0	0	0	0	0	0	0	68	0	0	0	0	0	0	64	84	0	0	0	0	0	0	0	0	0	0	0	0	253	86	0	0	0	0	0	0	0	0	0	0	0	0	85	0	0	0	0	0	0	0	0	0	0	0	0	0	0	0	0	242	0	0	0	0	0	0	0	0	0	0	0	0	0	0	0	0	0	0	0	0	52	0	0	0	0	0	0	0	0	0	121	0	0	0	0	0	0	0	222	0	0	0	0
36f1731173941db493c190a81c67a7cf_bacteria	0	0	0	0	0	0	0	0	0	89	79	76	0	0	0	0	0	0	0	0	0	0	0	0	0	0	0	0	0	0	0	0	0	0	0	0	0	0	107	0	0	71	0	0	0	0	0	0	0	0	85	123	88	365	0	459	0	0	0	0	102	0	0	0	94	0	69	0	0	59	0	0	0	0	0	0	0	0	0	0	55	0	207	0	0	0	0	0	0	80	0	0	77	0	89	0	0	0	0	0	0	0	0	0	0	0	0	0	0	0	0	0	507	0	0	0	122	0	54	0	50	0	0	0	0
f4a81d1da4f94db765f8dc3f8d9d71c1_bacteria	0	0	0	0	137	97	0	0	0	0	53	68	0	64	130	0	0	0	0	0	0	0	0	0	74	0	0	0	0	0	0	101	129	80	0	0	0	0	188	0	0	0	111	0	0	0	82	54	0	0	299	270	99	86	57	152	0	0	0	0	52	0	0	83	82	59	61	81	160	87	80	0	0	0	0	0	0	0	0	0	0	423	316	83	70	64	0	0	0	0	149	0	0	0	0	0	0	0	0	0	0	0	0	0	0	0	0	0	0	0	0	0	0	0	0	0	0	0	0	0	0	0	0	0	0
342e9d2aae0d012d6e73a1ded15cc28b_bacteria	0	0	0	0	0	90	0	0	0	0	73	0	0	0	81	0	186	0	0	0	152	123	0	0	58	0	0	0	0	0	0	164	213	241	0	0	0	0	265	125	114	0	0	0	0	0	0	0	0	0	155	0	0	0	0	0	0	0	0	0	0	0	0	0	0	0	84	91	67	0	0	0	0	0	0	0	0	0	0	0	0	327	66	0	0	0	0	0	0	0	79	0	0	0	0	0	52	0	0	0	0	0	0	0	0	385	81	0	0	0	0	0	0	0	0	0	0	0	0	0	0	0	0	0	0
feedb930d66d92bfe0db09c6320ffd07_bacteria	0	0	0	0	0	0	0	0	0	0	0	55	0	0	0	0	63	0	0	0	147	71	0	0	0	0	0	0	0	0	0	0	0	0	0	0	0	0	0	129	0	0	0	0	0	0	129	0	0	0	0	0	0	0	98	0	0	0	0	0	0	0	0	87	89	0	0	0	118	75	0	0	0	0	0	0	0	95	0	0	0	537	93	0	0	0	0	0	0	0	0	0	0	0	0	0	0	0	0	0	0	0	0	0	0	0	0	0	0	0	0	0	0	0	0	0	0	0	0	0	0	0	0	0	0
d96989fc36f17efec684123db1413110_bacteria	0	0	0	0	0	0	0	0	0	0	0	0	0	0	0	0	0	0	0	0	0	0	0	0	0	0	0	0	0	0	0	0	0	0	0	0	0	0	0	0	0	0	0	0	0	0	0	0	0	0	0	0	0	0	0	0	0	0	0	0	0	0	0	0	0	0	0	0	0	0	0	0	0	0	0	0	0	0	0	0	0	0	0	0	0	0	0	0	0	0	0	0	0	0	0	0	0	0	0	0	0	154	51	0	0	0	104	0	0	256	0	127	735	131	0	166	229	0	172	0	0	504	0	0	0
2ec351ef72927f2bc76225d8277dc602_bacteria	0	0	0	0	0	0	0	0	0	0	0	0	0	0	0	0	0	64	0	0	0	0	0	0	0	0	0	0	0	71	0	0	0	0	0	177	174	55	0	0	0	0	0	0	0	0	0	0	0	0	0	0	0	0	0	0	0	0	0	0	0	0	0	0	0	0	0	0	0	0	0	0	0	0	0	0	0	0	0	0	228	163	284	0	0	0	0	0	0	0	0	0	0	0	0	0	0	0	0	0	118	0	53	0	196	0	0	0	0	0	0	0	273	0	0	0	772	281	0	0	60	0	0	87	0
e6cbd9909da9861255f9fa32d90f5278_bacteria	0	0	0	0	0	0	0	0	0	0	66	0	0	0	104	0	0	0	0	0	55	61	0	0	0	0	0	0	0	0	0	0	52	99	0	0	0	0	100	0	0	80	0	0	0	0	0	0	0	0	91	0	54	0	0	0	0	0	0	0	0	0	0	64	157	0	0	0	0	152	0	0	0	0	0	0	0	0	0	0	0	347	243	0	0	0	0	0	0	0	0	0	0	0	54	0	0	0	0	0	0	0	0	0	0	0	0	0	0	0	0	0	0	0	0	0	0	0	0	0	0	0	0	0	0
62690921189900b625d68933a083f144_bacteria	0	0	0	0	0	0	0	0	0	0	0	0	0	0	0	0	0	0	0	0	0	0	0	0	0	0	0	0	0	0	0	0	0	0	0	0	0	0	0	0	0	181	0	0	0	0	0	0	0	0	0	0	0	0	0	0	0	0	0	0	0	0	0	0	63	0	0	0	83	375	0	0	0	0	0	0	0	0	0	0	0	773	243	0	0	0	0	0	0	59	51	0	109	0	133	0	57	0	0	0	0	0	0	0	0	0	0	0	0	0	0	0	0	0	0	0	0	0	0	0	0	0	0	0	0
d4143a84fa86f4939237b7d4e33cfc4d_bacteria	0	0	0	0	68	0	0	0	0	0	105	0	56	0	73	0	0	0	0	0	87	0	141	0	52	0	0	0	0	0	0	81	0	326	0	0	0	0	123	151	64	61	0	0	56	0	145	0	0	63	312	137	183	0	82	0	0	0	0	70	138	125	151	270	196	186	682	335	550	431	379	0	0	0	0	0	0	0	0	0	0	0	0	0	0	0	0	0	0	0	0	0	0	0	0	0	0	0	0	0	0	0	0	0	0	0	0	0	0	0	0	0	0	0	0	0	0	0	0	0	0	0	0	0	0
8c4947f4462ed1efbb71564b6c9aa0cb_bacteria	0	0	0	0	0	83	112	0	0	70	61	0	60	286	147	0	0	0	0	0	0	0	0	0	0	0	0	0	0	0	0	127	193	131	0	0	0	0	219	74	0	0	89	0	71	0	0	0	0	0	80	0	0	0	64	0	0	0	0	0	0	0	0	76	52	74	74	0	105	72	70	0	0	0	0	0	0	0	0	0	0	0	0	0	0	0	0	0	0	0	0	0	62	0	50	0	0	0	0	0	0	0	0	0	0	0	0	0	0	0	0	0	0	0	0	0	0	0	0	0	0	0	0	0	0
f33fede0fd67059ebe182fb3552df066_bacteria	0	0	0	0	134	0	0	0	0	0	0	0	66	0	0	0	0	52	0	0	0	53	0	0	0	0	0	0	0	0	77	99	50	140	0	69	0	0	0	0	57	0	0	0	0	52	0	0	0	0	77	56	0	0	52	84	0	0	0	0	0	0	0	0	0	0	0	0	0	0	0	0	0	0	0	0	0	0	0	0	60	175	154	0	0	0	0	0	0	0	0	0	0	0	0	0	0	0	0	0	0	0	0	63	0	0	0	0	0	0	0	0	286	0	0	54	262	88	0	0	0	0	0	0	95
04efe6cf2bccd3ca201367c04c79f8f9_bacteria	0	0	0	0	0	0	0	0	0	0	0	0	0	0	0	0	0	0	0	0	0	0	0	0	0	0	0	0	0	0	0	0	0	0	0	181	0	0	0	0	0	145	79	0	0	0	0	0	0	0	0	0	0	228	0	0	0	0	77	0	0	0	0	0	0	0	0	0	0	0	0	0	0	0	0	0	0	0	0	0	324	0	0	78	0	205	0	0	0	0	0	0	63	0	0	0	0	0	0	0	0	0	0	0	448	0	0	0	0	0	0	0	0	0	0	0	0	0	0	0	0	0	0	0	0
80096a00a83bc1748d934c8ab64da932_bacteria	0	0	0	79	162	212	67	0	0	290	162	184	75	156	52	0	0	71	0	0	0	0	0	0	0	0	0	0	0	64	88	0	56	0	0	230	229	52	0	0	0	0	60	0	0	0	0	0	0	0	0	0	0	0	0	0	0	0	0	0	0	0	0	55	51	0	0	0	131	0	0	0	0	0	0	0	0	0	0	0	353	900	977	79	126	491	180	214	0	69	136	0	158	0	221	0	65	0	0	0	0	0	0	0	0	0	81	0	0	469	0	0	489	0	0	66	180	0	0	58	0	118	0	0	0
98483eb0a3fb5c44728f605e0b475ac3_bacteria	0	0	0	69	90	74	0	0	0	0	88	0	0	0	0	0	0	135	0	0	0	0	0	76	183	0	0	0	0	0	0	78	58	74	0	0	0	99	0	0	193	0	51	0	0	128	0	133	0	0	70	0	103	0	0	0	0	0	0	0	73	0	0	0	0	0	0	68	0	0	0	0	0	0	0	0	0	0	0	0	138	550	140	0	146	64	0	0	0	0	0	0	0	0	0	0	0	0	0	0	0	0	60	0	0	0	0	95	0	0	0	236	464	0	0	0	300	0	0	0	56	0	0	0	340
f733c60397f7fc312c9cdce5c6d9aba1_bacteria	0	0	0	118	352	0	0	0	0	112	367	203	0	0	0	120	207	226	0	0	75	0	217	52	80	0	0	0	0	0	0	88	0	237	0	0	0	0	89	0	0	0	0	0	126	0	0	0	0	0	0	79	0	86	54	0	0	0	0	105	90	0	85	91	93	0	224	141	54	57	214	0	0	0	0	0	0	0	0	274	0	66	86	126	107	0	0	0	0	0	155	0	0	0	0	0	0	0	0	0	0	0	0	298	0	0	0	0	0	0	0	407	244	0	0	0	57	0	69	0	0	0	0	0	389
cb322f93327b32468a9fd72aed3afa8a_bacteria	0	0	0	0	168	52	0	0	0	97	225	0	0	0	0	0	0	82	0	0	0	0	0	0	0	0	0	0	0	0	0	53	70	55	0	0	0	0	55	0	0	0	76	0	0	0	0	0	0	0	56	0	0	68	0	165	0	0	0	0	0	0	0	0	0	0	0	63	52	0	75	0	0	0	0	0	0	0	0	0	0	55	67	0	59	0	0	0	0	0	0	0	0	0	0	0	0	0	0	0	0	0	0	0	0	0	0	0	0	0	0	0	586	0	0	0	229	0	0	0	0	0	0	0	0
db38587cad3ac0e5373ae4ad85d4d1f6_bacteria	0	0	0	0	77	0	0	0	0	84	212	295	0	57	271	0	0	220	0	0	180	0	68	0	0	0	0	0	0	0	0	0	0	0	0	0	0	0	0	0	0	0	0	0	0	0	0	0	0	0	170	0	0	0	0	0	0	0	0	0	0	0	0	71	73	0	0	0	83	115	52	0	0	0	0	0	0	0	0	0	0	0	0	0	0	0	0	0	0	0	0	0	0	0	0	0	78	0	0	0	0	0	0	0	0	0	0	0	0	0	0	0	0	0	0	0	0	0	0	0	0	0	0	0	0
8cf55f42a9d1f25bc15720205db748b4_bacteria	0	0	0	0	220	128	0	0	0	0	253	492	0	138	0	0	0	212	0	0	0	0	0	93	0	0	0	0	0	0	0	68	79	0	0	0	0	0	139	109	0	0	0	0	0	0	97	0	0	0	169	58	205	236	0	65	0	0	0	0	0	0	62	119	147	0	0	72	178	56	144	0	0	0	0	0	0	0	0	0	0	111	61	0	0	0	0	0	0	0	0	0	0	0	0	0	0	0	0	0	0	0	0	0	0	256	0	0	0	0	0	158	1221	63	0	234	304	0	0	0	72	0	0	0	80
79cdbdf95f8596a1e17750c68ea553e9_bacteria	0	0	0	82	230	0	0	0	0	54	159	136	0	0	0	0	106	0	0	0	0	0	0	0	0	0	0	0	0	0	0	60	257	99	0	0	0	0	228	0	0	0	0	62	61	0	0	0	0	0	0	0	0	92	0	0	0	0	0	0	107	0	0	62	60	0	135	161	113	94	166	0	0	0	0	0	0	0	0	0	0	0	0	0	0	0	0	0	0	0	0	0	0	0	0	0	0	0	0	0	0	0	0	0	0	0	0	0	0	0	0	0	2082	0	0	0	0	0	0	0	0	0	0	0	0
dec10876dd1b063c2977675a952e5613_bacteria	0	0	0	0	0	0	0	0	0	0	0	0	0	0	0	0	0	0	0	0	0	0	0	0	0	0	0	0	0	0	0	0	0	0	0	0	0	0	0	0	0	0	153	0	0	0	0	0	0	0	0	0	0	0	0	0	0	0	0	0	0	0	0	0	0	0	0	0	0	0	0	0	0	0	0	0	0	0	0	0	56	220	187	233	73	0	0	0	0	52	0	0	231	111	418	56	77	0	0	0	0	0	0	0	0	0	0	0	0	0	0	0	0	0	0	0	0	0	0	0	0	0	0	0	0
dee54165b25b1b80bf40b51130dc690d_bacteria	0	0	0	0	168	59	0	0	0	0	278	60	0	0	0	0	61	0	0	0	64	53	0	0	0	0	0	0	0	0	0	70	140	222	0	0	0	0	238	0	0	0	456	81	191	0	61	0	0	0	1156	544	360	236	0	516	0	0	0	75	169	52	0	0	54	101	370	172	65	0	102	0	0	0	0	0	0	0	0	0	0	97	434	53	0	415	0	0	0	0	0	0	0	0	0	0	0	0	0	0	0	0	0	0	103	0	0	0	0	0	0	0	694	0	0	0	867	0	155	0	133	0	0	0	0
74d2b5e59d6a153b918c069c1f584cb9_bacteria	0	0	0	0	0	0	0	0	0	0	0	0	0	0	0	0	0	0	0	0	0	0	0	0	0	0	0	0	0	0	0	61	100	189	0	0	0	0	148	92	0	53	75	0	0	0	0	0	0	0	105	204	138	94	59	118	0	0	0	0	0	0	0	0	0	0	0	0	0	0	0	0	0	66	0	0	0	0	0	0	108	397	308	93	115	0	0	0	0	0	0	0	178	52	176	0	0	0	0	0	0	0	0	0	0	0	0	0	0	53	0	0	0	0	0	0	68	82	65	0	224	61	0	0	0
936a582a1eb7fdd448592e35c1ce4b58_bacteria	0	0	0	0	0	0	0	0	0	0	0	0	0	0	0	0	0	0	0	0	0	0	0	0	0	0	0	0	0	0	0	0	0	0	0	0	0	0	0	0	0	66	161	0	0	0	0	0	0	0	51	57	54	201	0	142	0	0	0	0	0	0	0	0	0	0	0	0	0	61	0	0	0	0	0	0	0	0	0	0	166	843	729	95	351	127	0	0	0	0	0	0	125	0	112	51	0	0	0	0	0	0	0	0	0	0	0	0	0	0	0	0	0	0	0	0	0	0	0	0	0	0	0	0	0
34dda3219113b5e264e609c30ab9b004_bacteria	0	0	0	110	130	0	117	0	0	55	209	0	53	55	126	0	0	0	0	0	0	0	0	0	0	0	0	0	0	0	0	54	0	207	0	0	0	0	0	0	61	0	58	0	0	0	0	0	0	0	0	0	0	0	0	0	0	0	0	0	0	0	0	0	0	0	80	0	59	0	0	0	0	0	0	0	0	0	0	0	0	441	310	0	0	0	0	0	0	0	0	0	0	0	0	0	0	0	0	0	0	0	0	0	0	0	0	0	0	0	0	0	0	0	0	0	0	0	0	0	0	0	0	0	0
87103294ec0841cff3f2187f1fb565c5_bacteria	0	0	0	0	0	0	56	0	0	0	0	0	51	0	0	0	0	0	0	0	0	0	0	0	0	0	0	0	0	0	0	0	0	0	0	0	0	0	0	0	0	58	0	0	94	0	0	0	0	0	250	380	86	345	0	0	0	0	0	0	0	0	0	0	0	0	0	0	0	0	0	0	0	0	0	0	0	0	0	0	0	556	88	117	131	0	0	0	0	0	0	0	0	0	297	0	0	0	0	0	0	0	0	0	0	0	0	0	0	0	0	0	0	0	0	0	0	0	0	0	111	0	0	0	0
623e85cafaa7d77615b1f2c4a51a4e58_bacteria	0	0	0	0	0	0	0	0	0	0	0	0	0	0	0	0	0	0	0	0	0	0	0	0	0	0	0	0	0	0	0	0	0	0	0	0	0	0	0	0	0	0	0	0	0	0	0	0	0	0	0	0	0	0	0	0	0	0	0	0	0	0	0	0	0	0	0	0	0	0	0	0	0	0	0	0	0	0	0	0	79	490	446	186	282	114	63	101	0	0	0	0	0	0	0	0	0	0	0	0	0	0	0	0	0	0	0	0	0	0	0	0	0	69	0	61	123	59	85	0	0	0	0	0	0
374b88becf647abd98cc5b2b4ac528bd_bacteria	0	0	0	65	76	68	72	0	0	55	0	0	65	0	86	0	0	0	0	0	0	0	0	0	0	0	0	0	0	0	0	108	216	131	0	0	0	0	303	137	252	0	67	0	0	0	78	119	0	0	0	0	0	0	0	0	0	0	0	0	0	0	0	0	0	0	0	0	0	0	0	0	0	0	0	0	0	0	0	0	0	449	60	0	0	0	0	0	0	0	0	0	0	0	0	0	0	0	0	0	0	0	0	0	0	0	0	0	0	0	0	0	0	0	0	0	0	0	0	0	0	0	0	0	0
7aa9b372d4c2cd1b6390bfd19e9a11a6_bacteria	0	0	0	0	174	0	0	0	0	51	51	184	0	0	0	0	0	0	0	0	0	0	0	0	0	0	0	0	0	0	0	0	0	109	0	0	0	0	0	0	0	0	0	0	0	0	0	0	0	0	0	0	0	0	0	0	0	0	0	113	78	0	0	106	270	0	167	172	0	0	0	0	0	0	0	0	0	0	0	0	0	0	0	0	0	0	0	0	0	0	0	0	0	0	0	0	0	0	0	0	0	0	0	0	0	0	0	0	0	0	0	0	57	0	0	0	0	0	0	0	0	0	0	0	0
eec64780e6b621c93e5dc66bc10bed22_bacteria	0	0	0	0	0	67	0	0	0	0	0	80	0	0	0	0	0	0	0	0	0	0	0	0	0	0	0	0	54	0	0	0	0	0	0	99	100	0	0	0	0	0	71	0	0	0	0	72	0	0	0	0	0	85	0	94	0	0	0	0	0	0	0	0	0	0	0	0	0	0	0	0	0	0	0	0	0	0	0	0	130	323	389	0	0	0	0	0	0	0	0	0	0	0	0	0	0	0	0	0	0	113	0	0	0	0	130	0	0	323	0	0	1103	77	0	152	420	0	229	0	0	177	0	0	0
d734a4cd9718eb47ddf142f884ef1b31_bacteria	0	0	0	0	0	0	0	0	0	221	0	146	0	140	0	0	0	0	0	0	0	0	0	0	0	0	0	0	0	0	0	0	0	0	0	0	0	0	0	0	0	0	248	0	0	0	0	0	0	0	0	0	0	115	0	317	0	0	0	0	0	0	0	0	0	0	0	0	0	0	0	0	0	0	0	0	0	0	0	0	0	181	291	280	114	0	0	0	0	247	0	0	79	0	225	0	0	0	0	0	0	0	0	0	54	0	56	0	0	147	0	0	67	66	0	128	181	0	138	0	126	142	0	0	0
64f1fc5334789b8bb3ffa75ff021ed6c_bacteria	0	0	0	0	122	0	115	128	0	0	0	0	0	78	0	0	0	0	0	0	0	0	0	0	0	0	0	0	0	0	0	0	0	0	0	0	0	0	0	58	0	72	0	0	0	0	0	0	0	0	103	0	0	0	0	0	0	0	0	0	0	0	0	0	0	0	0	0	0	0	0	0	0	0	0	0	0	0	0	0	0	2308	213	0	0	0	0	0	0	0	0	0	0	0	0	0	0	0	0	0	0	0	0	0	0	0	0	0	0	0	0	0	0	0	0	0	0	0	0	0	0	0	62	0	0
5adf0a31c5f82e92c77a54bf7943c186_bacteria	0	0	0	0	0	0	0	108	0	0	0	0	135	0	0	0	0	0	0	0	0	0	0	0	0	0	0	0	54	0	0	0	0	0	0	0	0	0	0	55	0	0	0	0	0	0	0	0	0	0	0	0	0	0	0	76	0	0	0	0	502	0	0	0	57	0	61	0	0	0	303	0	0	0	0	0	0	0	0	0	0	0	0	0	0	0	0	54	0	73	0	0	0	0	89	0	0	0	0	0	0	0	0	0	0	0	103	0	0	0	0	0	0	0	0	0	68	0	330	0	0	50	0	0	147
701694874cb668b3c8b28556d6894c31_bacteria	0	0	0	0	0	0	0	0	0	0	0	0	0	0	0	0	0	0	0	0	0	0	0	0	0	0	0	0	0	0	0	0	0	0	0	0	0	0	0	0	0	0	0	0	0	0	0	0	0	0	0	0	0	65	0	0	0	0	0	0	0	0	0	0	0	0	0	0	0	0	0	0	0	0	0	0	0	0	0	0	152	1196	279	0	58	148	0	0	0	0	0	0	61	0	201	102	88	0	0	0	0	0	0	0	0	0	0	0	0	0	0	0	0	0	0	0	0	0	0	0	0	0	0	0	0
e8a00294b8c3eaba89084e969d4b3d09_bacteria	0	0	0	0	136	0	0	0	0	0	58	0	0	0	0	0	0	0	0	0	0	0	0	0	0	0	0	0	0	0	0	0	0	0	0	0	0	0	0	0	0	0	0	0	52	0	0	0	0	0	0	133	0	0	0	0	0	0	0	0	0	0	0	0	86	0	0	0	60	0	0	0	0	0	0	0	93	0	150	0	0	0	0	0	0	0	0	0	0	0	0	0	0	0	0	0	0	0	0	0	0	0	0	0	0	0	0	0	0	0	0	0	0	101	0	0	143	72	56	513	65	0	0	0	339
de0aa684ed3e574308e5ab48ff90cdb0_bacteria	0	0	0	0	0	0	0	0	0	109	0	61	0	0	0	0	0	0	0	0	0	0	0	0	0	0	0	0	0	0	0	0	0	52	0	0	0	0	0	0	0	0	0	0	0	0	0	0	0	0	0	0	0	110	0	0	0	0	0	0	0	0	0	0	0	0	0	0	0	0	0	0	0	0	0	0	0	0	0	0	0	0	54	0	0	75	0	74	0	0	0	0	155	0	289	0	0	0	0	0	0	0	0	0	0	0	0	0	0	0	0	0	67	0	0	0	58	0	0	0	0	0	0	0	0
db088fb981fe23ea98703dd147a9a18a_bacteria	0	0	0	0	0	0	0	0	0	0	0	0	0	0	0	0	0	0	0	0	0	0	0	0	0	0	0	0	0	0	0	0	0	0	0	0	0	0	0	0	0	164	0	0	0	0	0	0	0	0	67	78	137	139	0	110	0	0	0	0	0	0	0	0	0	0	0	0	0	0	0	0	0	0	0	0	0	0	0	0	0	330	169	0	62	0	0	0	0	0	0	0	62	0	63	0	0	0	0	0	0	0	0	0	0	0	0	0	0	0	0	0	0	0	0	0	0	0	0	0	0	0	0	0	0
1c4babd5c824cef4804874bbb6b29ab9_bacteria	0	0	0	0	0	0	0	0	0	78	0	0	0	0	0	0	173	0	0	0	0	0	0	0	0	0	0	0	0	0	0	0	0	0	0	0	0	0	0	0	0	0	50	0	0	0	0	0	0	0	0	298	50	281	0	69	0	0	0	0	0	0	0	0	0	0	54	79	0	0	0	0	0	0	0	0	0	0	0	0	0	0	0	0	0	0	0	0	0	0	0	0	0	0	0	0	0	0	0	0	0	0	0	0	0	0	0	0	0	0	0	0	248	101	0	0	146	0	63	0	0	0	0	0	199
e2b4a9650cb0b33c1220554634223c59_bacteria	0	0	0	0	0	0	0	0	0	0	0	0	0	0	0	0	0	0	0	0	0	0	0	0	0	0	0	0	0	0	0	0	0	0	0	0	0	0	0	0	0	130	0	0	0	0	0	0	0	0	0	105	0	69	0	0	0	0	0	0	0	55	0	0	0	0	80	70	0	0	0	0	0	0	0	0	0	0	0	0	82	328	81	0	0	0	0	0	0	0	0	0	0	208	0	0	0	0	0	0	0	0	0	0	0	0	0	0	0	0	0	0	333	0	0	0	144	0	0	0	0	0	0	0	0
5649ccf31ce22f347d21c009881e5df3_bacteria	0	0	0	0	0	0	0	0	0	0	0	0	0	0	0	0	0	0	0	0	0	0	0	0	0	0	0	0	0	0	0	0	0	0	0	0	0	0	0	0	0	0	0	0	0	0	0	0	0	0	0	0	0	0	0	0	0	0	0	0	58	0	0	0	160	0	0	0	0	151	107	0	0	0	0	0	0	0	0	0	0	0	0	0	0	0	0	0	0	0	0	0	0	0	0	0	0	0	0	0	0	52	0	0	0	0	0	0	0	0	0	64	429	0	0	0	0	0	0	0	155	0	0	516	176
c888280c2e60e8d26bba565094256f9b_bacteria	0	0	0	0	92	78	0	0	0	0	0	58	0	0	0	0	0	0	0	0	0	0	0	0	0	0	0	0	0	0	0	64	0	0	0	0	0	0	0	290	0	53	177	0	51	0	0	0	0	0	0	0	0	95	0	0	0	0	0	0	53	0	0	0	0	0	109	0	0	0	0	0	0	0	0	0	0	0	0	0	67	50	0	0	0	0	0	0	0	0	0	0	0	0	0	0	0	0	0	0	0	0	0	0	0	0	0	0	0	0	0	0	63	0	0	0	76	0	0	0	0	0	0	0	0
a969b7e9ee836c48ee319226ac0aac95_bacteria	0	0	0	0	0	0	0	0	0	0	0	0	0	0	0	0	0	0	0	0	0	0	0	0	0	0	0	0	0	0	0	0	0	0	0	0	0	0	0	0	96	0	250	122	71	0	0	0	0	0	0	0	0	212	0	51	0	0	0	0	0	0	0	0	0	0	0	0	0	0	0	0	0	0	0	0	0	132	0	0	0	116	0	0	0	0	0	0	0	0	0	0	76	221	120	0	0	0	0	0	0	0	0	0	0	0	0	0	0	0	0	0	0	0	0	0	0	0	0	0	0	0	0	0	0
1ce72f2cc8eba8fb0a3b299aa0e53526_bacteria	0	0	0	87	65	0	133	0	0	0	0	0	0	0	0	0	0	0	0	0	0	0	0	0	0	0	0	0	0	0	0	137	157	106	0	0	0	0	149	0	0	0	0	0	0	0	0	63	0	0	0	0	0	0	0	0	0	0	0	87	0	156	0	0	0	0	68	0	0	0	0	0	0	0	0	0	0	0	0	0	0	0	0	0	0	0	0	0	0	0	0	0	0	0	0	0	0	0	0	0	0	0	0	0	0	0	0	0	0	0	0	0	0	0	0	0	0	0	0	0	0	0	0	0	0
d54ca076b9cf97723c4a8be8304c05e1_bacteria	0	0	0	0	0	0	0	0	0	0	0	0	0	0	0	0	0	0	0	0	0	0	0	0	0	0	0	0	0	0	0	0	0	79	0	0	0	0	0	0	0	0	51	0	0	0	0	0	0	0	0	0	0	156	0	72	0	0	0	0	0	0	0	0	0	0	0	0	0	0	0	0	0	0	0	0	0	0	0	0	0	53	56	0	0	50	0	0	0	0	0	0	0	0	0	0	0	0	0	0	0	0	0	0	0	73	0	0	0	83	0	52	52	0	0	0	104	0	0	0	0	0	0	0	0
9fc26e6596f0b0189c6b268cc4d8d67b_fungi	0	86	0	189	383	0	55	156	387	391	64	384	129	277	402	0	0	178	0	0	62	0	128	0	0	0	0	0	414	251	450	1988	1057	357	0	144	543	2026	361	137	0	0	608	93	59	0	0	50	0	0	188	0	66	57	109	229	0	50	99	129	0	0	0	0	66	0	344	704	245	0	0	0	299	1141	0	0	68	0	0	0	0	0	182	5329	142	0	0	0	0	0	0	0	0	0	0	0	0	0	0	0	0	0	0	106	0	101	0	83	3807	1191	0	0	0	55	0	0	8955	10583	0	0	0	0	0	0	78
a4830ec2beeeeaef48f6d7f401df4241_fungi	0	0	0	0	0	0	13445	3185	9670	16726	2944	17594	4657	16171	9590	11938	13281	957	0	0	15187	5541	1066	13318	0	0	162	0	0	1358	0	9233	490	0	0	0	0	0	539	784	389	0	0	0	0	0	643	0	1024	283	498	131	1288	135	0	50	1070	863	162	132	964	54	148	56	143	236	392	154	2074	815	234	0	0	0	0	0	0	0	0	0	0	0	11357	0	0	0	0	0	0	0	0	0	0	0	0	0	0	0	0	0	0	0	0	0	0	0	0	0	0	0	0	0	0	0	0	0	0	0	0	0	41798	0	50	0	0
12907f7fde00bb40c358a652d79ffcb6_fungi	12529	7597	237	0	0	0	9637	12274	7925	1124	8792	1249	5483	8913	8684	630	309	1501	356	80	758	1081	390	857	0	0	0	0	2381	1444	4823	1649	2059	88	0	2646	485	2455	2272	7518	2603	0	4990	3161	0	1278	2751	1940	197	127	6915	1691	1016	5452	2714	3064	2047	2751	356	6896	4536	11562	10800	13089	5864	2000	2529	2844	13789	8550	14612	0	0	0	0	0	0	0	0	0	0	0	6462	0	0	0	0	0	0	0	9375	0	0	0	0	0	0	52	272	0	233	4295	4746	1984	122	4937	0	551	2300	7089	297	106	0	2591	3596	3269	1881	1905	1891	0	0	0	0	455	477
eaa0ba9ff4398edf205048df9a36f578_fungi	0	0	0	0	0	0	0	0	0	0	0	0	0	0	0	3582	912	2318	117	3216	723	8162	0	0	0	0	0	0	0	314	93	0	0	0	0	0	0	0	0	0	0	0	0	0	0	0	1419	0	0	0	0	0	0	0	0	0	0	0	0	0	0	0	0	0	0	0	0	0	0	0	0	97	0	0	0	72	0	0	0	0	0	0	0	0	0	0	740	0	0	0	0	0	0	0	0	0	0	0	0	0	0	0	0	0	0	0	0	1084	3412	57	0	364	0	0	0	191	0	0	0	0	0	0	0	0	0
89206af4589b68a36b3313e1be7c6448_fungi	2642	4128	90	0	0	313	424	0	5976	232	0	0	0	0	146	9167	4344	1570	0	0	5859	15815	5323	1206	0	250	362	492	0	222	142	202	139	0	206	0	0	0	129	516	107	0	73	0	0	0	266	0	0	0	0	88	0	0	224	0	1130	645	397	0	0	0	0	246	0	701	244	1025	0	0	116	0	0	0	0	0	0	0	0	0	0	0	3569	0	0	0	676	0	0	0	4955	0	0	0	0	0	0	332	5041	0	0	0	0	0	0	200	0	0	0	0	0	0	0	134	419	1613	0	0	0	0	330	0	0	0	0
a7139639bff5f1aef5393ef551b3b953_fungi	0	0	0	0	0	0	0	0	0	468	68	0	0	0	0	0	0	629	0	0	0	0	158	0	0	0	0	0	63	485	2440	0	0	0	0	810	81	0	0	0	0	0	367	534	0	0	0	0	0	0	0	0	0	0	0	0	0	0	0	485	580	398	115	166	4661	488	349	50	77	153	0	0	0	0	0	0	661	0	0	0	0	0	0	0	0	0	0	0	0	0	0	0	0	0	0	0	0	0	0	0	0	136	0	99	0	0	0	0	0	207	0	0	0	378	114	0	4410	6471	5027	0	0	0	0	0	0
e02440bc2cf2fbd51ab6c6a48c297786_fungi	0	0	0	0	0	0	147	0	0	245	0	0	0	0	0	252	146	0	0	0	0	52	73	377	0	0	0	0	0	0	0	0	0	0	0	0	0	0	110	115	110	0	0	0	0	0	0	0	113	53	0	0	0	0	0	0	53	296	263	122	53	147	0	0	0	0	0	214	0	0	0	0	0	0	0	0	0	0	0	0	0	0	0	0	0	0	0	0	0	0	0	0	0	0	0	0	0	0	0	0	0	0	0	616	0	0	0	0	0	0	0	81	0	0	0	0	0	0	0	0	342	0	428	1890	0
38602a6800aaaa7afecb0bb60fbab974_fungi	6317	4262	108	0	0	0	177	0	3498	61	334	0	110	97	0	0	0	0	0	0	0	0	108	55	0	0	0	0	197	528	240	0	0	0	0	543	0	190	101	1122	60	0	416	509	0	0	151	83	75	63	263	4349	2561	1897	183	1122	267	1035	238	101	0	0	70	0	0	0	0	405	0	0	0	0	0	0	0	0	0	0	0	0	0	0	468	0	0	0	0	0	0	0	3358	0	0	0	0	0	0	0	67	0	0	0	0	0	0	0	0	0	0	0	0	0	0	364	1385	0	636	1127	587	0	0	0	0	0	0
d7a05ca6b0cf4959a1d5af8842fb78fa_fungi	393	535	0	4050	2776	1771	9057	374	7061	9977	1994	2403	8346	4041	6529	2469	2729	2969	0	0	5514	1585	6257	3792	54	0	75	0	506	2058	2103	2043	1320	461	216	960	218	1896	1560	1805	2609	1490	1737	928	3174	1654	1808	8363	5576	5825	5172	5632	3424	9243	7534	6185	1890	1524	4023	4955	2438	1718	2490	4180	2937	4847	3112	9661	2822	2335	4088	0	0	171	142	0	884	147	995	84	875	0	802	3327	1320	0	1737	386	0	0	1437	0	0	0	0	0	137	0	2146	0	74	350	0	5037	350	1813	102	56	825	533	268	0	839	0	0	0	0	349	0	0	2887	411	74	0	161
9561dff2fb67039404a8a5d6c669959c_fungi	0	0	0	0	0	0	0	221	0	316	0	0	0	0	64	0	0	0	0	0	0	0	0	0	0	0	68	0	0	0	0	2043	4864	0	0	0	0	0	9458	919	1084	0	0	0	0	0	0	0	0	0	0	0	0	0	0	0	949	453	107	381	0	142	181	592	168	0	0	0	601	510	6720	0	0	0	0	0	0	0	0	0	0	0	0	0	0	0	0	0	0	0	0	0	0	0	0	0	0	0	0	0	0	0	0	0	0	0	0	0	0	0	0	0	0	0	0	0	0	0	0	0	0	0	64	197	0
9a06988e426d7ef4663c568dcd331ca0_fungi	239	622	0	0	93	0	0	0	0	0	0	0	54	0	0	0	97	0	0	0	0	0	55	0	0	0	0	0	234	227	0	0	0	0	0	0	0	0	0	311	71	0	233	190	0	0	0	155	487	347	59	257	538	574	1596	50	0	0	0	96	55	0	951	513	247	0	50	0	120	363	120	0	0	0	0	0	0	0	0	0	0	0	2897	0	0	0	0	0	0	0	459	0	0	0	0	0	0	0	0	0	0	0	0	0	0	0	0	0	0	0	0	0	0	0	0	0	0	0	0	0	0	0	0	0	0
16010d640ae1f9ef8b46d9778d31166d_fungi	73	177	0	0	0	0	850	55	0	0	111	0	219	93	930	0	0	143	0	0	134	0	0	146	0	0	0	0	0	0	491	127	0	0	0	68	0	0	119	124	0	0	301	702	0	87	193	52	0	0	0	0	0	0	0	0	0	0	0	786	149	1346	298	282	126	283	0	0	363	2459	137	0	0	0	0	0	0	0	0	0	0	0	0	0	0	0	0	0	0	0	3269	0	0	0	0	0	0	0	0	0	0	0	0	0	0	0	0	0	233	0	0	0	0	0	0	0	157	0	0	0	82	0	0	0	0
6dec4a7642385d3256e7c0ab2c05366d_fungi	844	491	0	0	0	0	230	197	5941	877	169	58	541	694	538	93	0	0	783	0	114	455	383	0	0	0	0	0	2593	4128	1586	234	196	0	0	780	162	369	225	2056	230	0	1054	1565	0	108	184	665	93	121	670	1744	1337	2693	2734	846	757	446	372	351	1330	2239	2021	2747	1489	110	333	445	3939	2325	1046	0	0	0	0	0	0	0	0	0	0	0	6897	0	0	0	0	0	0	0	4984	0	0	0	0	0	0	0	51	0	0	159	0	583	60	490	0	95	1113	182	1496	213	0	1246	130	178	425	1407	374	0	0	0	0	0	0
5743cd46a67f26fc2a0a910a35f1b12f_fungi	0	0	0	0	0	0	107	133	0	0	0	0	0	126	0	0	0	0	132	0	0	63	0	77	0	0	285	79	0	0	0	172	200	0	0	280	0	0	1430	348	216	0	1260	446	0	0	64	0	0	0	98	210	69	509	0	388	0	1424	308	69	182	2561	1056	112	663	0	0	155	2129	310	1577	0	0	0	0	0	0	0	0	0	0	0	0	0	0	0	0	0	0	0	0	0	0	0	0	0	0	0	0	0	0	0	0	0	0	0	0	0	0	0	0	0	0	2428	111	0	823	179	0	0	986	0	0	0	0
d4ced3fcf757696111ad371371ff4cce_fungi	0	800	0	0	0	0	1921	1794	262	262	2421	584	3657	2803	1174	0	166	220	0	0	185	0	112	118	0	0	0	0	81	258	130	1984	2198	0	0	0	65	0	546	620	559	0	376	513	0	375	287	264	146	68	675	3305	256	3204	865	691	0	420	417	2410	571	766	5534	1528	996	305	140	142	1278	28555	5541	0	0	0	0	0	0	0	0	0	0	0	0	0	0	0	0	0	0	0	805	0	0	0	0	0	0	0	239	0	71	702	2183	492	0	1497	0	59	0	1139	0	0	0	118	378	64	3145	1811	1496	0	772	0	0	110	0
228f3cd62dcd0e0ca5e463f2342f1f82_fungi	0	0	0	0	0	0	0	0	0	0	0	0	0	0	0	0	0	0	0	0	0	0	0	0	0	0	0	0	0	325	0	0	0	0	0	0	0	0	0	0	0	0	0	0	0	17537	1201	0	0	0	0	0	0	0	85	141	0	104	0	0	0	0	812	0	613	9424	2372	0	0	0	0	0	0	0	0	0	0	0	217	0	0	0	0	0	0	0	0	0	0	0	0	0	200	195	0	0	0	0	0	0	0	0	0	0	0	0	0	0	0	0	0	0	0	0	0	0	0	0	0	0	0	8819	0	0	0
007761694cceb108c141cce8750b23b5_fungi	59	0	0	0	0	0	0	0	541	180	0	0	0	54	0	192	701	0	0	0	793	278	444	136	0	0	67	63	395	1337	1121	163	133	0	0	0	57	0	0	183	196	0	604	0	0	0	0	663	185	428	223	250	229	856	2826	169	345	163	135	314	81	0	1111	688	295	0	67	0	592	947	301	0	0	0	0	0	0	0	0	0	0	0	0	0	0	0	0	0	825	0	0	0	0	0	0	0	0	0	0	0	0	0	53	464	0	115	0	0	325	101	1500	273	0	54	380	387	537	1330	0	0	65	0	0	0	0
55d3ffaf20a40a432de7989e6d6d5a00_fungi	0	0	0	0	0	0	0	0	0	0	0	0	0	717	55	0	0	0	217	0	0	0	0	0	0	0	0	0	586	483	295	0	0	0	0	89	0	249	0	80	56	0	343	378	0	89	238	295	0	0	227	79	84	1098	4927	329	415	115	211	99	414	492	599	478	676	0	0	70	804	246	323	0	0	0	0	0	0	0	0	0	0	0	55	0	0	0	0	0	0	0	0	0	0	0	0	0	0	0	0	0	0	0	0	60	0	0	0	0	216	0	427	0	0	95	57	81	0	111	117	0	0	0	0	0	0
c0a6013edcd750f053a34cc2e955055c_fungi	708	253	0	0	0	107	0	0	747	0	0	0	0	0	0	148	50	0	0	0	1050	441	3557	426	0	0	0	0	0	668	0	141	143	0	0	0	0	0	126	1323	161	0	179	0	0	0	85	278	83	0	0	62	0	0	0	61	929	563	455	0	0	0	0	0	0	0	0	102	0	0	218	0	0	0	0	0	74	0	0	0	0	0	0	0	0	0	0	50	0	0	215	0	0	0	0	0	0	75	472	0	0	0	0	0	0	0	0	0	0	0	0	0	0	0	0	0	0	0	0	0	242	0	0	0	0
25f16fb9e13dc11d9cdb2563441d93ea_fungi	2009	829	0	0	0	0	1258	312	0	252	1611	551	50	624	1067	0	0	0	0	0	0	0	0	0	0	0	0	0	0	0	0	579	743	0	0	0	0	0	181	344	53	0	0	0	0	65	0	0	0	0	0	0	0	0	0	0	0	0	0	956	750	472	64	9206	696	266	140	0	2358	795	6994	0	0	0	0	0	0	0	0	0	0	0	0	0	0	0	0	0	0	0	0	0	0	0	0	0	0	0	0	0	0	0	0	0	0	0	0	0	0	0	0	0	0	0	0	0	0	0	0	0	0	0	1070	1630	0
feaca0edcf1a23c916e8a5a15e251c00_fungi	0	0	0	0	0	0	837	0	143	0	69	0	0	0	0	0	0	1022	0	0	0	0	0	0	0	0	0	0	0	0	0	0	0	0	0	0	0	0	0	0	0	0	155	0	0	0	0	120	0	0	0	0	0	0	0	0	0	0	0	202	84	67	324	147	210	87	57	0	343	142	129	0	0	0	0	0	0	0	0	0	0	0	0	0	0	0	0	0	0	0	130	0	0	0	0	0	0	0	0	0	0	281	0	0	0	0	0	56	229	2343	52	0	0	0	846	0	0	0	0	0	0	0	0	0	0
84b78558c3c317566a13f29ab950da23_fungi	0	0	0	0	0	0	0	164	0	0	0	0	0	0	0	0	0	0	0	83	0	0	77	0	0	0	0	0	0	0	0	0	0	0	0	0	0	0	177	0	690	0	0	0	0	0	0	0	0	0	0	0	0	0	0	0	0	0	68	73	2935	0	0	0	66	0	0	0	0	0	0	0	0	0	0	0	0	0	0	0	0	0	0	0	0	0	0	0	0	0	0	0	0	0	0	0	0	0	0	0	0	4353	7211	0	0	1903	0	141	0	4413	2549	0	0	1604	19255	2399	1871	1134	511	0	0	0	115	0	0
4745af0659fd8962bab4c6f134456248_fungi	198	0	0	0	0	0	0	0	3322	0	173	0	0	0	0	0	0	0	0	0	0	115	148	0	0	0	0	0	1275	1643	219	0	0	0	0	0	94	1221	0	157	84	0	1151	459	0	0	229	105	946	322	498	1879	1991	752	237	0	93	0	212	70	0	0	0	0	0	0	0	0	0	0	0	0	0	0	0	0	0	0	0	0	0	0	4362	0	0	0	0	0	0	0	0	0	0	0	0	0	0	0	0	0	152	138	0	177	0	0	0	0	0	0	0	0	0	0	0	0	0	0	0	0	0	0	0	0	0
886658e8f5f92525a3beccfa72774999_fungi	1925	0	0	0	104	0	0	0	0	0	0	0	0	0	0	0	0	74	0	0	0	0	0	0	0	0	82	0	0	0	0	0	0	0	0	0	0	0	0	0	0	0	0	0	76	0	0	0	674	1511	255	78	446	0	0	0	0	0	0	0	0	0	0	0	0	0	0	0	0	0	0	0	0	0	0	0	0	0	0	0	0	0	67	0	0	0	0	0	0	0	0	0	0	0	0	0	0	0	0	0	0	0	0	0	0	0	0	0	0	0	0	0	0	0	0	0	0	0	0	0	0	0	0	0	0
92b9c83064618f3fa4cc6f518011a93f_fungi	0	0	0	1482	817	0	0	0	0	0	0	0	0	0	0	0	0	0	0	0	0	0	0	0	0	0	0	0	0	0	0	0	0	0	0	503	0	0	0	0	0	4440	0	0	873	0	0	0	0	0	153	0	0	0	0	0	0	0	0	0	0	0	0	0	0	0	0	0	0	0	0	0	0	0	0	0	1465	836	0	0	0	0	0	0	0	87	0	0	0	0	0	0	0	0	0	0	0	0	0	0	0	0	0	0	0	0	0	0	0	0	0	0	2983	0	0	0	0	0	0	0	0	0	0	0	0
45072f0f90af585d84d9e8b285570885_fungi	133	77	0	0	0	0	84	0	98	123	0	217	162	197	711	2199	0	1307	0	0	93	179	1024	0	0	0	0	0	313	160	227	0	0	0	0	203	0	275	152	272	0	0	419	358	0	63	454	1299	52	0	266	161	0	247	396	455	0	0	154	152	264	1041	73	134	191	0	137	0	252	404	199	0	0	0	0	0	0	0	0	0	148	0	66	0	0	0	0	0	0	0	469	0	0	0	0	0	0	58	595	0	0	0	0	0	0	0	0	0	165	0	0	0	0	0	0	0	0	0	0	0	0	0	0	0	0
1bea8020d2c9d588ad86b87a8f8065e8_fungi	0	0	0	0	0	0	0	0	0	0	0	0	0	0	0	0	0	0	240	0	0	0	0	0	0	0	0	0	0	0	0	0	0	0	0	0	0	0	0	0	0	0	0	0	0	0	0	0	0	0	0	0	0	0	0	0	0	0	0	0	0	0	0	0	0	0	0	0	0	0	0	0	0	0	0	0	0	0	0	0	0	0	0	0	0	0	0	0	0	0	0	0	0	0	0	0	0	0	0	0	0	819	0	80	0	0	0	415	2485	1509	0	0	0	8422	543	72	683	240	782	0	0	0	0	0	0
cd6040e6b124b405e0a57b6b2bc182a8_fungi	0	0	0	0	0	0	148	75	0	219	0	0	0	91	386	0	0	0	153	0	0	394	117	88	0	0	0	0	0	0	61	228	234	0	0	0	73	118	85	57	0	0	220	0	0	0	0	0	0	0	497	0	169	187	504	0	0	0	0	139	54	0	0	130	55	0	0	0	0	87	0	0	0	0	0	0	0	0	0	0	0	0	0	0	0	0	0	0	0	55	0	0	0	0	0	0	0	0	0	0	79	0	0	3610	0	1213	0	0	1524	111	0	0	0	471	62	265	163	158	878	0	293	0	0	268	0
c99c3c0cde268c3acc40ddb4ca470d52_fungi	0	0	0	0	0	0	0	0	0	0	0	0	0	0	0	0	0	0	0	0	0	0	0	0	0	0	0	0	0	0	0	1204	273	0	0	0	0	0	3397	1135	619	0	0	0	0	0	0	0	0	0	0	0	0	0	0	0	0	57	0	0	0	967	0	54	0	0	0	336	56	0	0	0	0	0	0	0	0	0	0	0	0	0	0	0	0	0	0	0	0	0	0	0	0	0	0	0	0	0	0	0	0	0	0	0	0	0	0	0	0	0	0	0	0	0	0	0	0	0	0	0	80	0	0	83	0
d8f0bf7bd6bfed38440976deac1053de_fungi	0	0	0	0	0	0	0	0	0	71	54	100	0	121	66	0	0	0	0	0	0	0	299	0	0	0	0	0	540	0	903	0	0	0	0	52	143	1696	53	893	0	0	715	0	0	0	62	120	0	0	121	0	63	0	261	69	0	0	0	0	0	0	0	0	0	0	0	0	0	156	55	0	0	0	0	0	0	0	0	0	0	0	0	0	0	0	0	0	0	0	0	0	0	0	0	0	0	0	0	0	0	65	0	0	0	0	0	208	2384	787	62	0	0	275	1750	381	82	127	2362	0	0	0	0	409	0
e13eae7ac33ca345b3e22b971ecb92b4_fungi	0	0	0	0	0	0	0	0	0	0	0	0	0	0	0	0	0	0	0	0	0	0	0	0	0	0	0	0	558	368	171	0	0	0	0	311	0	84	0	0	0	0	0	0	0	0	0	0	0	0	0	0	0	0	0	0	0	0	0	0	0	0	0	0	0	0	0	0	0	0	0	0	1739	0	0	0	0	0	0	0	0	0	0	0	0	0	0	0	0	0	0	0	0	0	0	0	0	0	0	0	0	0	0	0	0	0	0	0	0	0	134	0	0	1519	343	86	393	466	249	0	0	0	0	0	0
da72d280b2793b20ddca69333811f416_fungi	0	0	0	0	0	0	0	0	0	0	0	0	0	0	0	0	0	0	0	0	0	0	0	0	0	0	0	0	0	0	0	0	0	0	0	0	0	0	95	0	0	0	0	0	0	67	1345	0	0	0	0	0	0	51	275	193	0	0	0	96	0	0	0	0	0	0	0	0	0	371	0	0	0	0	0	0	0	0	0	0	0	0	0	0	0	0	0	0	0	0	0	0	0	0	0	0	0	0	0	0	0	267	726	107	0	0	0	0	0	897	0	0	0	0	64	0	0	0	0	0	0	0	0	0	0
573058e00737be3571135b4901715a5b_fungi	0	0	0	0	0	0	0	0	0	0	0	0	0	0	0	0	0	0	0	0	0	0	0	0	0	0	0	0	0	0	0	200	262	0	0	0	0	0	0	0	0	0	0	0	0	0	70	263	0	0	0	0	0	0	0	0	0	175	1611	982	2792	1212	130	179	363	448	484	374	103	73	84	0	0	0	0	0	0	0	0	0	0	0	0	0	0	0	0	0	0	0	0	0	0	0	0	0	0	0	0	0	0	0	0	0	0	0	0	0	0	0	0	0	0	0	0	0	1086	2664	5852	0	1650	0	0	0	0
54a79d598f2020f796479614425e7ff7_fungi	0	0	0	0	0	0	141	121	0	243	87	81	362	1657	1067	0	1444	0	0	0	0	0	70	0	0	0	0	0	0	0	310	0	0	0	0	0	0	0	75	452	0	0	0	0	0	0	0	0	0	0	0	0	0	0	0	154	0	57	0	0	0	0	0	0	150	54	0	2781	67	0	269	0	0	0	0	0	0	0	0	0	0	0	0	0	0	0	0	0	0	0	0	0	0	0	0	0	0	0	0	0	0	0	0	0	0	0	0	0	0	0	0	60	0	0	171	0	68	0	0	0	0	0	0	0	0
01355d320b33ddf29a77579fe487ee60_fungi	0	0	0	0	0	0	426	0	0	357	0	0	0	0	83	0	0	0	0	0	0	0	0	0	0	0	0	0	0	0	0	0	0	0	0	0	0	0	0	103	0	0	0	0	0	0	0	0	0	0	0	0	0	0	0	0	156	257	670	1717	526	523	1086	862	325	383	170	577	400	172	154	0	0	0	0	0	0	0	0	0	0	0	0	0	0	0	0	0	0	0	0	0	0	0	0	0	0	0	1319	0	0	0	0	0	0	0	92	0	0	0	0	0	0	0	0	0	0	0	0	0	72	0	0	0	0
3594bd84689e1249077661feb03ed8ba_fungi	0	0	0	0	0	0	0	0	0	0	0	0	0	0	0	0	0	0	0	0	0	0	0	0	0	0	0	0	0	0	0	102	320	0	0	91	0	0	486	363	248	0	1072	267	0	0	273	0	0	0	0	0	0	0	0	0	0	0	0	522	699	276	0	800	0	0	71	0	0	0	0	0	0	0	0	0	0	0	0	0	0	0	0	0	0	0	0	0	0	0	0	0	0	0	0	0	0	0	0	0	0	0	0	0	0	0	0	0	0	0	0	0	0	0	0	0	0	0	0	0	0	0	0	0	0
b5b89cca5a0cb0c01db814cb6f693f9f_fungi	0	101	0	0	0	0	0	0	176	0	0	0	0	0	67	0	0	0	0	0	0	0	147	786	0	0	0	0	0	0	0	78	178	0	0	0	0	0	277	1396	189	0	0	0	0	0	0	0	0	0	464	506	289	60	0	0	86	225	265	0	235	617	280	472	0	0	0	139	80	243	133	0	0	0	0	0	0	0	0	0	0	0	127	0	0	0	0	0	0	0	217	0	0	0	0	0	0	0	92	0	0	0	0	0	0	0	0	0	0	0	0	0	0	0	0	0	0	0	0	0	0	0	82	0	0
08abdffc486630512a1123f8c3bdc96c_fungi	696	428	0	0	0	0	234	0	0	0	0	0	0	360	0	0	0	0	0	0	0	0	0	0	0	0	0	0	0	65	98	0	0	0	0	0	0	0	0	51	0	0	0	0	0	0	0	143	0	0	0	0	0	384	148	0	58	68	101	251	0	239	54	52	0	0	60	0	0	0	54	0	0	0	0	0	0	0	0	0	0	0	575	0	0	0	0	0	0	0	171	0	0	0	0	0	0	0	0	0	0	0	0	0	0	0	0	0	0	0	0	0	0	0	0	0	0	0	0	0	0	0	0	0	0
6f919188220b0c82be4439bb63dd189e_fungi	246	0	0	0	0	0	0	0	0	0	0	0	0	196	0	0	0	0	0	0	0	0	59	0	0	0	0	0	322	186	0	0	0	0	0	0	0	0	0	503	0	0	0	0	0	0	0	0	53	0	134	0	0	812	322	105	0	0	0	106	0	118	177	96	0	0	79	0	92	117	185	0	0	0	0	0	0	0	0	0	419	101	96	0	0	0	0	0	0	0	314	0	0	0	0	0	0	0	319	0	63	113	0	0	0	0	0	0	0	50	0	0	0	0	116	280	132	95	84	0	0	0	0	0	0
5b2e0204e765d22d745597820f613f8a_fungi	0	0	0	0	0	0	672	0	0	0	0	0	498	0	0	0	0	137	0	0	0	0	0	0	0	0	0	0	0	1026	0	0	0	0	0	0	78	0	0	119	94	0	0	0	0	791	390	156	0	0	0	0	0	0	0	0	0	81	0	0	101	0	0	0	0	0	0	91	0	0	0	0	0	0	0	0	0	0	0	0	0	0	0	0	0	0	0	0	0	0	0	0	0	0	0	0	0	0	0	0	0	0	0	0	0	0	0	0	0	0	0	0	0	0	130	0	0	0	0	0	268	0	0	0	0
47646c283877f7b72d1b9a5199bd45b9_fungi	0	0	0	0	0	0	0	0	0	145	0	0	1268	0	381	64	145	139	0	0	0	87	0	0	0	0	0	0	0	0	352	0	0	0	0	2654	0	187	0	0	0	0	54	0	0	0	0	0	0	0	53	0	0	0	0	0	0	0	0	0	0	0	0	0	120	0	0	0	0	0	133	0	0	0	0	0	0	0	0	0	0	0	0	0	0	0	0	0	0	0	0	0	0	0	0	0	0	0	0	0	0	0	0	360	0	0	0	301	5981	290	0	0	0	0	0	0	367	481	2764	0	0	0	0	0	0
7d8361bafb81458a6092cf72051fb8ba_fungi	0	0	0	0	0	0	0	0	0	0	0	0	0	0	0	0	0	0	0	0	0	0	0	0	0	0	0	0	226	321	0	0	0	0	0	96	0	0	0	0	74	0	461	83	0	250	1842	492	0	0	81	0	119	2196	488	316	0	0	0	0	0	0	0	0	0	0	0	0	0	0	0	0	0	0	0	0	0	0	0	0	0	0	0	0	0	0	0	0	0	0	0	0	0	0	0	0	0	0	0	0	0	0	105	0	0	0	0	0	0	0	0	0	0	0	0	0	0	0	340	0	0	0	0	0	0
8da1ea508fd29598a72e6a69c9fb5bad_fungi	0	0	0	423	130	327	0	0	0	0	0	0	0	0	70	213	0	0	0	0	86	0	0	0	0	0	0	0	0	0	0	0	0	413	0	69	0	72	51	0	0	1878	163	0	0	0	0	0	0	0	0	0	0	120	259	0	0	0	0	0	0	0	0	0	81	0	0	70	129	0	128	0	595	228	2234	0	0	0	244	0	0	0	0	817	79	0	122	0	0	0	0	0	0	0	0	0	0	0	0	0	0	0	0	0	0	0	0	0	0	0	0	0	523	232	110	77	0	0	0	0	0	0	0	0	0
980fd6278b58656a704d9d0db1f6d1fd_fungi	0	0	0	0	0	0	0	0	0	0	0	0	0	0	0	0	0	0	0	0	0	0	0	0	0	0	0	0	0	0	0	1085	313	0	0	0	0	0	599	522	284	0	0	0	0	0	51	540	0	0	0	0	0	0	0	0	0	356	53	0	0	0	0	0	0	243	0	0	107	0	0	0	0	0	0	0	0	0	0	0	0	0	0	0	0	0	0	0	0	0	0	0	0	0	0	0	0	0	0	0	0	0	0	0	0	0	0	0	0	0	0	0	0	0	0	0	0	0	0	0	0	0	0	218	0
9aecac2abcac69ad5a121dabba570b20_fungi	0	0	0	0	0	0	0	0	0	0	0	0	0	0	0	96	0	0	0	0	702	68	51	351	0	0	127	0	0	0	0	167	307	0	0	158	0	0	155	0	763	0	0	0	0	290	625	693	0	0	0	0	0	0	0	0	0	0	0	0	0	0	0	0	116	0	0	0	106	0	934	0	0	0	0	0	0	0	0	0	0	0	0	0	0	0	0	0	0	0	0	0	0	0	0	0	0	0	0	0	0	0	0	0	0	0	0	0	0	0	0	0	0	0	0	0	0	0	0	0	0	0	0	0	0
f7f2a2faaaee104be5ea5a7d5484aacf_fungi	0	0	0	0	0	0	0	0	0	0	0	0	0	0	0	87	0	267	0	0	344	203	1542	0	0	0	0	0	0	0	0	0	0	0	0	0	0	0	0	0	0	0	0	0	0	0	0	0	0	0	108	488	94	325	0	548	0	0	0	0	57	0	0	0	0	0	0	0	0	0	0	0	0	0	0	0	0	0	0	0	0	0	0	0	0	0	0	0	0	0	0	0	0	0	0	0	0	0	0	0	0	0	0	0	0	0	0	0	0	0	0	0	0	161	0	0	0	0	0	0	0	0	0	0	0
6f49fb552852eb64367161f6c567bdab_fungi	0	0	0	0	0	0	0	0	0	0	0	0	0	0	0	0	0	0	0	0	0	0	0	0	0	0	0	0	110	56	0	0	0	0	0	410	0	335	0	0	0	0	0	0	0	1429	1970	435	0	0	0	0	0	96	0	83	0	0	0	0	0	0	0	0	0	0	0	0	0	0	0	0	0	0	0	0	0	0	0	0	0	0	0	0	0	0	0	0	0	0	0	0	0	0	0	0	0	0	0	0	0	76	346	0	63	0	0	0	0	486	0	0	0	0	56	0	0	0	0	0	0	0	0	0	0
5f279c746c8e0dc1b9305887f0cbae5a_fungi	0	0	0	0	0	0	0	0	0	0	0	0	141	66	90	186	238	0	0	0	0	181	101	0	0	0	74	0	0	0	0	61	94	0	0	0	0	0	87	672	120	0	0	0	0	50	0	0	131	173	120	0	0	101	431	58	0	0	0	0	0	525	197	581	301	0	0	0	131	810	319	0	0	0	0	0	0	0	0	0	0	0	124	0	0	0	0	0	0	0	0	0	0	0	0	0	0	0	0	0	0	78	0	0	0	0	0	0	0	0	88	54	0	61	0	58	0	0	0	0	0	0	0	0	0
12d11cd730ac7a521601a8c9ef2e3f4c_fungi	0	0	0	0	0	0	1326	0	0	568	206	0	0	114	566	0	0	0	0	0	0	0	55	0	0	0	0	0	0	0	0	109	928	0	0	0	0	0	0	0	0	0	0	0	0	0	0	161	0	0	0	0	0	0	0	0	0	0	0	68	0	0	0	0	590	1032	198	106	209	79	58	0	0	0	0	0	0	0	0	0	0	0	0	0	0	0	0	0	0	0	0	0	0	0	0	0	0	0	0	0	0	0	0	0	0	0	0	0	0	0	0	0	0	0	0	0	0	0	0	0	0	0	0	0	0
dcd80134a421ba1ee39910e372a24a74_fungi	0	0	0	0	0	0	0	0	0	0	0	0	0	0	0	0	0	0	0	0	0	267	113	0	0	0	0	0	0	108	0	0	83	0	0	0	0	81	0	0	115	0	0	0	0	0	0	0	0	0	0	0	0	0	0	0	0	0	0	0	0	50	0	0	0	0	0	0	0	76	0	0	0	0	0	0	0	0	0	0	0	0	0	0	0	0	0	0	0	0	0	0	0	0	0	0	0	0	0	0	0	52	0	57	0	0	0	0	165	0	64	0	0	101	333	0	237	134	56	0	0	0	122	0	0
f399f80a36b7b63e3071e1397d106116_fungi	0	0	0	0	0	0	148	0	0	0	0	0	0	115	0	0	0	0	0	0	0	0	0	0	0	0	0	0	0	0	0	0	0	0	0	0	0	0	0	0	0	0	0	0	0	0	0	0	0	0	0	0	0	0	0	0	0	0	0	73	0	258	176	113	64	0	256	0	433	0	94	0	0	0	0	0	0	0	0	0	0	0	0	0	0	0	0	0	0	0	0	0	0	0	0	0	0	0	0	0	0	0	0	0	0	0	0	0	0	0	0	0	0	0	0	0	0	0	0	0	0	0	0	0	0
2b58ac3373c047a1eebbf7a75e2e0552_fungi	0	0	0	5027	563	0	145	0	0	0	0	458	0	0	0	0	0	0	0	0	0	0	0	117	0	0	0	0	0	0	0	228	142	125	0	0	0	0	152	0	0	1639	255	0	745	0	0	0	0	0	128	260	91	1224	0	244	0	0	0	0	0	0	0	0	60	0	150	0	0	0	0	0	0	2034	2595	0	220	0	514	0	0	0	0	1186	4397	0	0	0	0	0	0	0	0	0	0	0	0	0	0	0	0	0	0	0	0	0	0	0	0	0	0	0	117	0	0	0	0	0	0	0	0	135	0	0	117
893838c627554dd7258f3ac3e024dfe2_fungi	0	0	0	0	0	0	73	0	0	0	0	0	0	0	56	0	0	0	0	0	302	0	549	66	0	0	0	0	95	0	0	142	56	0	0	0	0	0	172	2342	2730	0	0	0	0	0	366	1020	0	0	178	65	95	212	0	426	0	0	0	0	0	0	0	0	0	0	0	0	0	0	91	0	0	0	0	0	0	0	0	0	0	0	0	0	0	0	0	0	0	0	74	0	0	0	0	0	0	0	0	0	0	0	0	0	0	0	0	0	0	0	0	0	0	0	0	0	0	0	0	0	196	0	0	152	0
bc4dcedbb783ae6fa7d42e19730bbd6a_fungi	0	0	0	0	0	0	123	0	0	0	0	0	0	0	0	0	0	0	0	0	0	0	0	0	0	0	0	0	0	0	0	0	0	0	0	0	0	0	0	0	0	0	0	0	0	0	0	0	0	0	0	0	0	0	0	0	590	407	419	678	0	347	0	0	0	235	64	117	0	56	0	0	0	0	0	0	0	0	0	0	0	0	0	0	0	0	0	0	0	0	0	0	0	0	0	0	0	0	0	0	0	0	0	0	0	0	0	0	0	0	0	0	0	0	0	0	0	0	0	0	0	0	0	0	0
ff21cdb7dbfc34641ccd2c104ef231e4_fungi	0	0	0	0	0	0	0	0	0	0	892	0	118	0	0	0	0	0	0	0	0	0	0	0	0	0	0	0	0	0	0	222	340	0	0	0	0	0	0	232	53	0	0	0	0	0	0	0	0	0	0	0	0	92	69	1424	0	0	0	55	0	0	0	118	0	0	0	0	0	154	0	0	0	0	0	0	0	0	0	0	0	0	0	0	0	0	0	0	0	0	0	0	0	0	0	0	0	0	0	0	0	0	0	0	0	0	0	0	0	0	0	0	0	0	0	0	0	0	0	0	0	0	0	0	0
b3975232eebf205eac1abdada382d56b_fungi	0	0	0	0	0	0	1614	219	0	268	514	0	660	0	2194	0	0	0	0	0	0	0	0	0	0	0	0	0	0	0	0	50	213	0	0	0	0	0	145	0	0	0	321	75	0	0	0	0	0	0	0	0	0	0	0	0	0	56	0	325	69	475	0	0	0	0	59	729	0	0	73	0	0	0	0	0	0	0	0	0	0	0	0	0	0	0	0	0	0	0	0	0	0	0	0	0	0	0	0	0	0	0	0	0	0	0	0	0	0	0	0	0	0	0	0	0	0	0	0	0	0	0	0	0	0
45b5a9d374f7fdde8ee02d381737f261_fungi	0	0	0	0	0	0	0	0	0	0	0	0	0	0	0	0	0	0	0	0	0	0	0	0	0	0	0	0	0	0	0	82	0	0	0	0	0	1661	0	197	212	0	0	0	0	0	179	0	0	0	3242	1043	1584	0	92	243	0	0	0	0	0	0	0	0	0	0	0	0	0	0	0	0	0	0	0	0	0	0	0	0	0	0	0	0	0	0	0	0	0	0	0	0	0	0	0	0	0	0	0	0	0	0	0	0	0	0	0	0	0	0	0	0	0	0	0	0	0	0	0	0	0	0	0	0	0
cf99988bdff370667debed34ebd3f52a_fungi	0	0	0	0	0	0	0	0	0	0	0	0	0	0	0	0	0	0	0	0	165	122	1579	56	0	0	0	0	0	0	0	308	1088	0	0	0	0	0	417	278	1731	0	0	0	0	0	0	0	0	0	0	0	0	0	0	0	0	0	0	0	0	59	0	0	0	0	0	0	0	0	0	0	0	0	0	0	0	0	0	0	0	0	0	0	0	0	0	0	0	0	0	0	0	0	0	0	0	0	0	0	0	0	0	0	0	0	0	0	0	0	0	0	0	0	0	0	0	0	0	0	0	0	0	0	0
99f992144830d91fd450ab2e67bcead5_fungi	0	0	0	0	0	0	0	0	0	0	0	0	0	0	0	0	0	0	0	0	0	0	0	0	0	0	0	0	67	1708	648	0	0	0	0	224	107	211	0	69	0	0	244	0	0	0	0	162	0	0	0	0	0	54	245	0	0	0	0	0	0	0	0	0	0	0	0	0	0	0	0	0	0	0	0	0	0	0	0	0	0	0	0	0	0	0	0	0	0	0	0	0	0	0	0	0	0	0	0	0	0	0	0	0	0	0	0	0	0	0	0	0	0	0	0	0	0	0	0	0	0	0	0	0	0
bb0bac95bc47602168f4048966f9be02_fungi	0	0	0	0	0	0	0	0	0	134	0	0	0	162	80	0	0	0	0	0	0	78	0	0	0	0	0	0	0	56	68	52	55	0	51	0	0	0	73	572	0	0	0	0	0	0	0	62	0	110	0	0	0	0	0	0	0	0	119	59	0	152	0	0	0	0	58	0	59	0	100	0	0	0	0	0	0	0	0	0	0	0	0	0	0	0	0	0	0	0	0	0	0	0	0	0	0	0	0	0	0	0	0	0	0	0	0	0	0	0	0	0	0	0	0	0	0	220	0	0	0	0	0	0	0
223c70ea1023264b0e955d86276fac55_fungi	53	477	0	0	0	0	0	0	0	0	0	0	0	0	0	0	0	0	0	0	0	0	0	0	0	0	0	0	0	0	0	0	0	0	0	0	0	0	0	0	0	0	0	0	0	0	0	0	0	0	97	0	0	0	0	126	0	0	0	0	0	0	0	0	0	0	0	0	0	0	86	0	0	0	0	0	0	0	0	0	0	0	113	0	0	0	0	0	0	0	1315	0	0	0	0	0	0	0	56	0	0	59	0	0	0	0	0	0	0	0	0	0	0	0	0	0	0	0	0	0	226	0	0	0	0
8785fbcd8cc239f3cbcfc81f423115d0_fungi	0	1808	0	0	0	0	0	0	0	0	0	0	0	0	0	0	0	0	0	0	0	0	0	0	0	0	0	0	0	0	0	0	0	0	0	0	0	0	0	0	0	0	0	0	0	0	0	0	235	0	142	0	0	123	172	0	0	0	0	0	0	0	0	57	80	0	0	0	63	0	60	0	0	0	0	0	0	0	0	0	0	0	0	0	0	0	0	0	0	0	0	0	0	0	0	0	0	0	0	0	0	0	0	0	0	0	0	0	0	0	0	0	0	0	1020	156	0	0	0	0	0	0	0	0	0
b933526a7568334fcf0481710b741e78_fungi	0	0	0	0	0	0	103	0	419	0	0	0	0	0	0	0	0	0	0	0	0	0	0	0	0	0	0	0	0	0	0	57	58	0	0	0	0	0	54	58	0	0	0	263	0	0	0	0	0	0	79	50	1162	0	0	0	0	0	0	102	0	0	0	0	0	0	0	0	0	0	0	0	0	0	0	0	0	0	0	0	0	0	0	0	0	0	0	0	0	0	0	0	0	0	0	0	0	0	0	0	160	0	0	0	0	0	0	0	0	0	0	0	0	0	97	0	390	105	52	0	0	0	0	0	0
57d42f67fbd8adfd9984217832ff9085_fungi	0	0	0	0	0	0	0	0	540	0	0	0	0	0	0	0	0	79	0	0	0	0	0	0	0	0	0	0	130	0	54	0	0	0	0	0	0	68	71	0	471	0	52	80	0	0	0	0	0	0	0	0	0	0	0	0	0	0	0	0	0	0	0	0	0	0	0	0	0	0	0	0	0	0	0	0	0	0	0	0	0	0	0	0	0	0	0	0	0	0	0	0	0	0	0	0	0	0	0	0	0	0	0	0	0	0	0	0	0	89	0	0	0	223	53	0	0	0	0	0	0	0	0	0	0
39d163834966cd25a456abec8a6fb0a4_oomycete	7034	16993	0	14337	0	5801	45329	47364	29855	303	743	467	48167	78	53663	53	185	10192	19679	0	12381	25584	20644	0	205	0	0	0	123916	95320	233897	0	0	0	0	11175	371174	231	0	0	0	167	0	0	1533	1176	0	150	0	0	0	0	0	60810	5276	38235	0	0	0	137	121	129	0	0	0	177	1862	169	0	0	0	0	0	0	322	0	44450	0	0	230	0	0	151	135	661	96	17205	85836	25998	64384	21759	12228	5352	0	0	312	9001	31885	10207	41541	0	0	0	31777	24718	102	2783	43802	98094	2263	343	19222	33866	95	0	20715	0	0	7328	4411	3234	72897	45350	3482	2542
cc72eaa86c2be573136acdf59cda9fc3_oomycete	34664	28131	38331	20095	40630	37629	148	1679	14506	55233	43113	7269	0	36893	0	35833	46602	30071	162	3252	21706	8702	696	197	38903	18301	14138	22138	3314	2361	41298	34783	50708	57077	90	52953	536	1825	0	1068	20654	3220	8945	9895	25679	15144	20409	2143	314	0	538	34788	1361	0	34878	1235	30332	34711	600	14841	12866	1772382	43197	60772	52759	846020	8218	933	8167	44981	35122	41265	45816	26155	21087	15902	0	0	68	139	929	1401	1555	1536	9382	8183	8535	0	180	699	140	32434	75710	98238	77807	4527	6064	17745	19787	13617	213	63	176	0	0	0	18852	0	0	163	0	0	0	0	156	78	0	0	0	29006	22056	238	138	24884	32154
0f9788d4711e28f5164af206bb783e13_oomycete	0	0	0	0	0	0	0	0	0	0	0	0	0	0	0	0	0	0	0	0	0	0	0	0	0	0	0	0	0	0	0	66	186	0	0	1258	0	0	3023	785	1851	0	0	0	395	0	731	293	78	58	0	0	0	0	0	0	0	0	0	0	0	0	0	0	0	16001	22503	348	338	0	0	0	0	0	672	0	0	3425	0	0	0	0	0	561	166	325	0	0	0	168	0	0	0	0	0	50	2204	0	0	0	0	0	0	0	0	0	0	0	0	0	0	0	0	0	0	166	84	0	486	72	694	0	0	53	0
f797cf2765402dd3d1f72f7838c4a54c_oomycete	0	0	0	0	0	0	0	0	0	1097	0	37449	0	106	0	0	0	0	0	3484	2223	739	0	526	2708	0	0	0	6653	4246	13956	0	0	0	0	56	224	0	53	0	0	0	0	0	360	0	0	3634	0	0	0	0	0	0	0	0	0	0	0	0	0	0	0	0	0	2479	718	0	1079	0	238	0	0	0	80	0	0	2468	18386	0	0	0	237	40964	0	0	0	0	0	0	0	0	0	0	0	0	0	0	0	0	0	0	0	0	0	0	75	0	0	0	0	0	123	0	4353	205	0	0	445	70	230	0	0	65	0
37203e529004aed13359f59c9e7edad4_oomycete	0	0	0	0	0	0	0	0	0	0	0	0	0	0	0	0	0	0	0	0	0	0	0	0	0	0	0	0	0	3824	1075	0	0	0	0	178	0	0	124	0	0	0	0	0	0	0	0	0	0	0	0	174	801	0	211	0	0	0	0	0	0	0	0	0	0	0	0	0	0	0	0	0	0	0	0	0	0	0	0	0	0	0	0	276	0	0	0	0	0	0	0	0	0	0	0	0	2669	0	76	0	0	0	224	0	0	0	0	0	99	0	0	0	0	144	3227	6382	0	0	0	0	404	0	0	0	0
8d7bfbf1d9cc089639fe484763c3f188_oomycete	0	0	0	0	0	0	0	0	0	2046	237	0	0	0	0	0	0	0	0	0	0	0	0	0	0	0	0	0	346	157	436	0	0	0	0	0	160	0	201	0	0	0	0	146	0	0	0	0	0	0	252	431	8498	0	117	0	0	0	0	0	0	0	0	0	0	0	0	201	0	0	0	0	0	0	0	0	0	0	0	0	0	58	0	301	0	0	0	0	0	0	0	0	0	0	0	1464	441	0	0	0	0	0	0	0	0	0	2387	0	0	0	0	0	0	367	3603	659	328	0	1228	13879	182	0	0	0	0
9a72d97ba542c0d4c87ab583eb06188b_oomycete	0	0	0	0	0	0	0	0	0	0	0	0	0	0	0	0	0	0	0	0	0	951	0	0	0	0	0	0	1228	169	0	0	0	0	0	4568	0	0	1044	0	0	2522	0	0	0	538	0	2928	0	0	0	0	0	0	0	0	0	0	0	0	0	0	0	0	0	0	0	0	0	0	0	0	0	0	0	0	0	0	0	0	0	849	13267	1464	419	1332	311	59	325	1224	276	0	0	0	0	0	3056	0	0	0	0	0	0	0	0	0	2704	0	0	0	0	0	0	0	0	0	0	0	0	2912	73	0	0	0	0
394dace7cd674dc9355c4f64bfada83f_eukaryote	3665	10988	0	12809	0	741	125	0	5669	0	0	0	319	0	489	0	0	588	0	0	0	0	170	0	0	0	0	0	0	0	0	0	0	0	0	0	1710	0	0	0	0	0	0	0	0	0	0	0	0	0	0	0	0	5518	116	534	0	0	0	0	0	0	0	0	0	0	0	57	0	0	0	0	0	0	0	0	4023	0	0	0	0	0	0	0	0	0	0	343	53	0	183	5323	521	0	0	0	0	1382	266	1205	0	0	0	19041	5690	0	0	3650	3849	0	0	343	3960	0	0	155	0	0	0	0	0	77	4745	0	0
5a7fabdfc2b1915ca336712e300eb727_eukaryote	5118	2948	8335	1452	615	2284	0	0	468	0	0	0	0	0	0	0	72	889	0	0	0	0	0	0	0	2191	3597	4737	0	0	0	3167	2833	3474	0	0	0	0	0	0	0	0	0	0	0	0	0	0	0	0	0	0	0	0	0	0	2565	2194	645	1133	4187	2228	9931	9281	1064	0	0	0	0	0	0	706	3165	393	79	0	0	0	0	0	0	0	0	0	0	0	0	0	0	0	0	2195	3640	269	931	0	0	0	0	0	0	0	0	0	0	0	0	0	0	0	0	0	0	0	0	0	0	0	0	0	0	0	0	0	0
d61cd1d4bdad6e7320c6df304a2c2e5a_eukaryote	190	51	299	429	126	0	2202	474	330	173	0	0	0	0	0	1203	795	123	338	1448	542	1858	909	844	548	261	228	201	0	97	0	163	369	80	392	71	0	0	86	331	79	317	0	0	0	0	100	50	186	723	0	50	0	0	178	86	671	416	411	97	320	488	277	119	0	346	121	367	0	100	69	7993	7038	6137	4631	9804	3086	1348	1325	866	1878	752	819	556	91	128	2107	5656	191	1078	0	4868	430	190	117	9683	6018	3060	1593	2974	0	321	0	0	90	217	0	0	0	0	0	243	121	81	156	2221	53	0	0	111	382	366	0	0	0
99318de41dd49424cad9bf4501ab86ce_eukaryote	2953	1646	2726	2597	2182	134	108	465	159	2104	949	3384	344	1358	639	1813	3507	0	0	0	1548	668	62	6811	542	52	205	0	0	88	0	3587	874	488	63	0	0	0	996	219	186	254	0	0	0	50	155	76	220	68	78	0	76	0	0	0	299	331	529	0	1294	936	0	0	0	177	132	385	110	192	72	2274	934	0	0	3190	0	0	0	3563	0	296	0	67	58	0	2894	305	352	0	0	0	0	245	0	158	1510	50	0	56	0	0	0	70	0	0	0	189	128	337	639	146	0	0	104	0	10378	7320	4080	10650	599	0	0	100	0
1f97c28f91d9a257362352f7c2958eb5_eukaryote	0	0	0	1630	536	206	0	0	0	71	1248	124	218	363	269	0	0	0	0	77	0	0	0	202	436	0	0	0	116	58	169	139	235	93	0	213	0	55	163	376	155	618	169	109	148	609	228	100	0	0	534	96	0	115	0	101	200	393	0	150	525	1838	792	466	0	174	216	279	212	798	1065	1225	2407	4678	3347	1343	2417	1035	860	1127	3191	290	1373	247	238	1110	929	290	78	0	0	1125	85	2504	234	299	234	148	0	322	245	739	1873	213	103	3224	0	473	724	1056	0	127	74	315	491	1645	641	293	568	145	8026	147	0	206	0
e0f36c1501288265da47b71dfc9707dd_eukaryote	76	0	113	0	0	0	71	143	0	104	52	0	73	77	0	0	0	0	120	243	0	0	0	215	225	0	0	0	252	382	98	75	93	0	0	193	0	0	66	339	0	1139	138	151	0	113	63	52	0	81	154	226	120	150	292	71	320	207	108	0	499	991	446	250	0	0	60	92	197	548	173	4268	3618	1620	166	5894	2674	136	108	416	11244	504	1738	165	88	480	1464	697	808	201	0	0	118	891	463	396	497	202	0	306	405	53	195	130	343	395	64	187	1079	237	647	394	395	426	164	462	464	901	238	338	4225	403	0	309	434
bbe92aaf5408d1efb04e64943df37ed3_eukaryote	0	0	0	192	56	0	0	0	0	0	231	0	0	0	0	0	0	0	146	0	0	0	0	98	0	0	0	0	0	91	0	0	65	0	0	201	0	0	0	351	0	391	0	0	0	0	54	0	0	86	120	1924	521	301	0	224	76	259	0	0	0	72	53	0	0	0	0	148	0	0	0	5929	1991	3838	2138	12036	3503	632	3016	274	248	0	0	65	73	319	1469	4764	662	131	0	0	0	0	0	0	0	0	182	0	0	0	0	0	0	0	0	0	0	0	0	0	0	157	764	93	473	579	229	0	1502	641	0	241	878
d9e763753ea6a20c2a574df095f60580_eukaryote	0	0	219	0	55	0	0	0	0	142	562	0	538	187	222	0	91	95	0	751	202	62	0	1412	112	0	238	86	0	90	144	1103	2582	355	297	818	0	74	3251	84	370	455	78	52	0	2091	352	232	864	1834	444	634	168	283	272	338	581	397	557	0	0	352	0	83	0	0	0	1518	52	407	1733	114	3627	134	0	102	93	0	57	1099	2878	640	901	571	151	639	2541	0	1072	0	477	149	500	3041	899	124	57	143	0	554	63	0	0	1589	131	2709	0	942	5443	169	51	56	0	79	79	0	4728	3679	5977	11270	4168	97	0	515	0
2a50651b2cbc9fc60afae81923de86d5_eukaryote	70	0	0	181	751	0	1158	0	0	493	1216	431	182	180	56	57	0	197	0	0	0	0	0	103	0	0	0	0	435	0	0	363	241	129	0	64	314	0	99	141	255	405	201	0	0	1208	866	208	0	88	786	168	91	105	176	54	0	0	151	64	526	258	112	171	0	62	52	0	0	268	138	0	303	0	0	0	0	0	52	0	412	208	191	315	1895	2387	0	0	0	0	75	0	299	104	65	61	209	82	0	266	199	1369	5901	181	209	2808	0	344	0	1476	586	0	0	300	4572	2350	2511	1522	1902	5512	1518	368	524	56	269
cdfb9490b3e043a9832cbace39b2d3fb_eukaryote	0	99	0	0	142	0	0	0	0	0	4128	0	0	0	367	470	1688	80	0	0	2670	75	206	3101	0	0	0	0	0	0	0	0	1634	0	0	0	0	0	881	0	75	0	0	0	0	0	0	0	0	0	230	0	0	0	0	0	0	0	0	444	0	184	0	0	211	0	143	0	0	162	0	0	0	0	0	0	0	0	0	0	0	0	0	0	0	0	0	0	0	0	0	0	815	486	0	104	256	0	0	0	0	268	641	0	0	0	0	0	0	0	0	0	0	0	0	0	0	0	0	0	436	0	0	0	0
8fa171c38fb20ee4b1672db8353a9f63_eukaryote	0	0	0	0	0	0	0	0	0	0	62	0	0	0	0	0	0	0	0	0	0	0	0	0	0	0	0	0	83	111	0	0	0	0	0	0	0	0	0	0	0	1481	85	0	0	0	61	0	233	155	81	437	274	0	97	62	0	0	59	0	0	0	0	0	0	0	0	0	0	0	0	21271	609	461	0	502	0	0	0	0	273	0	214	0	0	0	1172	0	82	0	0	0	0	0	0	0	0	0	0	0	1003	0	0	69	59	129	0	0	302	0	0	0	0	0	0	0	306	56	0	4936	2498	0	0	0	0
2a260e6160f0ac4a2e115072d5b0cd0f_eukaryote	0	0	0	0	135	0	0	0	0	0	207	0	509	54	140	1016	5833	786	459	3460	283	2691	2275	1519	304	0	0	0	860	1065	443	133	835	135	0	323	474	217	132	119	723	228	634	287	79	340	526	779	101	230	263	51	0	281	840	679	0	0	0	0	0	0	0	0	0	0	0	0	0	0	0	0	0	0	0	0	0	0	0	138	4997	879	4538	0	300	603	3433	161	612	1215	666	102	157	345	65	4480	10375	136	64	228	52	0	450	134	0	77	0	112	152	0	0	0	0	113	65	204	0	0	0	0	124	61	0	654	107
6f658d24895b04231f6e654762669b72_eukaryote	0	0	0	0	0	0	156	0	0	0	86	0	0	0	0	0	0	0	0	0	0	0	0	0	0	0	0	0	2933	1778	1176	0	0	0	0	1771	574	1530	0	0	0	722	2162	4484	3861	73	0	71	0	0	1124	1929	516	0	0	0	0	0	0	0	0	0	0	0	0	0	0	0	0	0	0	0	0	0	0	0	0	0	0	0	0	0	0	0	0	292	381	0	0	0	0	0	0	0	0	0	0	0	0	0	0	0	0	267	210	0	76	0	0	57	0	0	0	50	0	0	317	270	106	62	0	193	0	129	57
702fdff0087af04a85cb3584b775ba92_eukaryote	0	0	0	72	236	0	123	0	0	942	517	874	0	191	0	90	0	0	0	0	0	478	169	69	0	0	0	0	0	0	0	732	422	1270	239	0	0	0	182	147	301	0	0	70	0	354	0	0	0	490	266	157	52	0	109	104	0	0	0	0	0	0	0	0	0	200	95	0	0	0	0	116	68	92	0	276	0	0	0	0	0	0	133	0	0	0	0	0	0	0	0	0	0	0	0	0	0	0	0	0	854	892	2493	158	292	115	0	0	0	0	0	633	1643	393	198	139	6188	1913	1981	188	79	0	0	0	0
7cf039e6626761ed4dc865aee7e775a5_eukaryote	0	0	0	0	0	0	0	0	0	0	0	0	0	0	0	0	0	0	0	0	0	0	0	0	0	0	0	0	0	0	0	0	0	0	0	0	0	0	0	0	0	55	0	0	0	164	0	0	164	163	0	54	61	0	115	0	0	52	0	0	0	0	293	101	0	0	0	0	0	257	0	5400	1509	289	70	2020	371	101	330	392	855	177	366	56	106	84	0	101	439	0	0	0	124	89	52	701	969	512	0	254	0	0	0	0	0	0	0	0	0	0	0	0	106	0	0	0	223	125	0	0	143	87	0	0	0
487c6b41204a1730dbfcf55f8b8e3dc1_eukaryote	0	0	0	0	0	0	0	0	0	0	0	0	0	0	0	167	68	111	0	0	0	466	0	0	0	0	0	0	0	0	0	50	53	0	0	0	0	0	0	0	0	0	0	0	0	9876	182	0	0	1249	0	502	171	0	0	0	0	114	0	0	0	0	99	0	0	1872	267	0	0	0	0	0	184	0	0	0	0	0	0	669	403	1985	891	0	0	0	0	0	0	0	0	0	0	0	0	2601	1668	67	0	0	0	0	0	732	0	0	0	1365	3525	0	1235	2806	3036	0	87	132	73	0	0	0	0	557	0	0	0
d6e7187575c837cc355b39cb4c72f1b7_eukaryote	0	0	0	0	0	0	0	0	0	0	0	0	0	0	0	0	0	0	0	0	0	0	0	0	0	0	0	0	0	0	0	0	0	0	0	0	0	0	0	161	0	15949	0	0	0	0	0	0	0	0	0	0	0	0	0	0	0	0	0	0	0	0	0	0	0	0	0	0	0	660	0	1032	293	0	0	108	0	0	0	0	0	0	0	0	0	0	0	0	0	96	0	0	0	0	125	101	186	0	0	86	0	0	0	0	0	0	0	0	0	0	0	0	0	0	0	0	0	0	0	118	0	0	0	0	0
0b01e4d6558506012d0e1eaf493a5ded_eukaryote	0	0	0	140	667	0	0	0	0	1231	2928	302	77	0	133	1042	877	0	0	1523	353	112	0	869	208	0	0	0	64	98	76	2562	1597	2064	0	313	0	0	1656	539	516	0	582	2722	189	3533	1981	865	232	602	748	128	394	122	2157	356	152	230	0	149	856	1699	598	139	297	409	692	172	275	622	463	295	407	0	0	2327	0	181	0	1009	1436	872	1659	1119	628	0	1292	1017	994	166	61	75	2786	0	63	0	1491	173	0	284	0	0	87	225	724	1358	0	0	305	0	207	158	426	108	57	897	815	686	598	0	0	0	0	0	0
a70b9b48ee3a2f91d38850407dcdcaac_eukaryote	0	0	0	2285	8218	65	0	0	0	2723	300	793	3508	0	1101	337	0	186	0	0	272	0	533	223	9651	0	0	0	0	387	0	230	232	0	0	0	0	0	1104	0	243	0	50	0	1581	0	0	0	0	95	79	0	133	83	0	247	0	0	0	0	77	57	0	0	0	732	3169	206	0	0	0	0	0	0	0	0	0	0	0	0	0	0	0	0	0	133	0	583	0	4253	313	0	387	0	873	8639	1390	0	573	0	0	0	0	0	0	278	0	0	0	0	0	52	439	0	0	0	803	261	184	0	0	0	0	414	646
3f795849e5ab98c40f875a580004f9f7_eukaryote	0	0	0	0	127	64	155	0	0	0	172	0	230	145	66	0	0	0	0	0	0	0	0	0	0	0	71	0	0	56	0	121	467	0	0	75	0	0	172	0	0	0	70	0	0	778	927	0	0	0	92	314	0	121	0	50	0	216	81	0	133	783	695	105	0	52	0	0	120	5200	672	52	1469	247	0	0	282	0	104	657	80	0	368	0	361	3657	0	292	1744	101	0	252	65	3101	529	0	157	0	0	0	0	0	0	0	0	705	0	53	0	228	0	0	0	326	0	0	309	191	0	0	0	0	0	0	0
fa5d2b7bc448a32fa9ec8262e24231be_eukaryote	589	86	211	226	0	0	550	176	0	0	0	0	0	0	0	0	221	0	0	66	66	0	0	82	0	0	115	56	0	95	61	54	95	55	78	0	0	0	0	71	50	760	0	0	0	0	0	98	142	189	62	0	0	55	120	0	109	60	51	0	57	365	178	100	0	0	0	0	0	515	112	2221	624	73	156	476	192	214	123	0	1848	505	460	0	0	0	150	364	357	139	0	0	134	145	101	340	226	65	0	104	117	0	0	333	282	156	0	0	110	53	437	538	0	0	84	360	463	542	0	0	2242	273	0	181	0
09248793722288a010ac7f729c00643e_eukaryote	270	99	0	155	0	0	0	0	0	0	0	0	0	0	0	0	0	0	0	6378	0	0	0	308	77	75	0	0	115	0	0	0	58	0	190	0	0	0	0	144	0	0	0	0	0	0	0	0	0	0	0	0	0	0	0	0	0	144	107	0	0	222	0	0	0	0	61	53	0	0	0	0	103	0	323	0	0	0	634	0	0	0	0	0	0	0	0	0	517	86	0	0	0	722	0	364	186	132	0	530	0	0	0	194	364	0	0	0	0	0	0	157	0	0	0	436	0	0	0	0	0	0	0	0	0
416ebed6f40ce92fda977416ca373220_eukaryote	0	0	0	0	0	0	0	0	0	0	0	0	0	0	0	0	0	0	0	0	0	0	68	0	320	0	0	0	0	0	0	0	0	0	0	0	0	94	0	142	157	191	74	87	246	0	58	0	0	0	0	0	0	0	0	0	0	0	0	0	0	0	0	0	0	0	0	0	0	0	0	120	0	54	0	0	529	57	0	0	683	209	275	232	0	0	0	0	195	0	623	0	0	196	0	120	0	0	0	119	0	0	212	131	0	0	0	158	646	172	0	0	0	0	0	0	140	58	201	142	607	584	0	0	0
5c71206f2fadd330c5295bb2b8e24c9d_eukaryote	0	0	0	0	280	0	0	0	0	0	0	0	0	0	0	0	0	0	0	0	0	0	0	117	0	0	0	0	0	0	0	0	110	53	121	0	0	0	59	126	0	394	0	0	0	56	81	52	0	0	0	0	0	0	0	0	212	110	312	81	157	214	108	72	0	304	327	123	63	131	106	764	318	0	0	983	90	0	0	0	0	0	0	0	0	0	0	0	0	0	0	63	59	171	0	165	0	288	196	121	0	0	0	0	0	0	0	0	0	0	0	0	0	0	0	0	0	0	0	0	0	0	0	0	0
acc6f82c660def2e2f383dfb4f075933_eukaryote	0	0	0	0	455	0	0	0	0	0	631	0	0	0	0	52	0	0	0	0	1208	187	0	0	0	0	0	0	0	0	0	54	82	0	0	0	0	0	0	0	0	0	0	0	0	83	0	0	0	0	1866	853	2745	0	97	242	0	0	0	0	151	81	135	0	0	0	0	0	0	80	280	0	0	0	0	0	0	0	0	0	0	0	54	0	0	0	0	0	0	0	0	0	108	1455	1437	0	0	0	0	0	0	0	0	0	0	1281	0	462	417	391	192	0	0	0	1542	0	244	0	0	0	0	0	0	0	0
3c491ac457174deda16980612d97ab4f_eukaryote	0	0	0	0	0	0	0	0	0	0	0	0	0	0	0	0	0	0	0	0	0	0	0	0	0	0	0	0	0	0	0	387	0	505	0	0	0	73	0	0	0	0	0	0	0	0	0	0	0	0	71	0	61	0	0	0	0	0	0	0	103	0	0	0	0	0	0	0	0	0	0	0	0	0	0	0	0	0	0	0	0	100	0	0	59	62	96	0	0	0	0	0	0	0	0	114	0	0	0	0	232	0	0	0	0	183	0	0	0	0	0	0	0	0	0	71	63	0	0	0	92	0	0	0	0
5c343c81c74e215e2ed7a0d3d2e29e21_eukaryote	0	0	180	0	0	0	0	0	0	131	87	0	850	0	0	0	0	0	0	0	0	0	0	0	0	0	0	0	268	0	0	0	0	0	0	278	74	0	0	0	0	0	168	0	0	0	0	0	0	0	0	0	0	0	0	0	0	0	0	2315	767	668	332	508	100	212	114	0	700	587	823	0	0	0	0	0	0	0	0	0	72	0	0	0	0	0	0	0	0	0	0	0	0	0	0	0	0	0	0	0	0	0	0	475	1174	353	0	0	0	183	0	0	0	0	0	0	0	0	0	0	0	125	0	226	295
070546cd0046c9701f90304909b45ada_eukaryote	0	0	0	0	0	0	0	0	0	50	0	102	0	0	0	1348	831	480	0	274	0	96	216	205	0	0	0	0	0	0	0	0	0	0	0	0	0	0	0	0	0	0	0	0	0	0	0	0	0	0	0	0	0	0	0	0	0	0	0	0	0	0	0	0	0	64	0	60	0	0	0	0	0	0	0	0	0	0	0	0	143	0	91	0	0	0	474	283	0	0	53	0	0	0	0	0	0	0	0	0	0	0	0	0	0	0	0	0	0	0	0	0	0	0	0	0	0	0	0	0	0	0	0	0	0
6296e399d6b6f58b22cb3ffc96a1bcfe_eukaryote	0	0	0	0	64	0	0	0	0	156	349	0	0	0	142	938	424	0	0	100	0	89	85	0	521	0	0	0	78	0	0	670	681	312	0	121	0	0	352	0	722	0	0	0	0	0	0	0	0	0	848	5145	1693	0	0	0	0	0	0	0	0	0	0	0	0	0	112	0	0	0	50	0	0	0	0	0	0	0	0	0	0	135	0	0	0	0	0	0	0	0	0	0	59	0	137	0	0	0	0	0	709	0	69	137	0	235	0	0	112	0	141	0	160	280	170	1152	79	120	0	0	0	0	0	0	0
6a93161d8c0b6e9c9d636325ba9ebcae_eukaryote	0	0	0	0	89	0	0	0	0	0	0	0	0	0	0	0	0	50	0	0	0	0	0	0	0	0	0	0	0	0	0	0	0	0	0	0	0	0	0	0	0	0	0	0	0	0	0	0	0	0	0	0	0	0	0	0	0	0	0	0	0	0	0	0	0	0	0	0	0	0	0	0	99	0	0	0	0	0	0	0	0	0	0	0	0	0	55	0	0	0	0	0	0	0	0	54	0	0	0	0	0	55	0	0	113	0	0	65	165	856	0	0	0	0	173	0	379	323	1090	0	262	96	0	0	0
18f83f1b38e7d46908c0805e2c1960e4_eukaryote	0	0	0	0	57	0	0	0	0	86	97	0	0	0	0	0	112	0	0	0	0	0	0	0	0	0	0	0	0	0	0	0	0	0	0	0	0	0	0	0	0	0	0	0	0	0	0	0	0	0	0	0	0	0	0	0	0	0	0	0	0	0	0	0	0	0	0	0	0	0	0	0	0	0	0	0	0	0	0	0	0	0	0	0	0	0	0	0	0	0	0	0	0	0	0	0	60	0	0	0	0	114	0	0	0	0	0	407	932	267	0	57	66	290	59	0	141	51	96	0	0	0	0	0	0
850f9456f23d337e109baafd956b54d6_eukaryote	0	0	0	0	137	0	0	0	0	70	273	0	0	146	51	0	229	0	0	0	0	0	0	68	0	0	0	0	0	0	56	166	142	812	0	124	91	0	0	116	65	0	0	0	0	55	0	0	0	0	253	0	0	0	0	0	0	0	0	0	151	346	0	212	0	0	0	445	0	362	521	57	1346	0	0	0	1432	153	257	0	83	104	157	100	0	0	112	0	173	0	81	0	0	256	237	91	0	0	0	81	273	64	0	0	0	0	0	224	189	169	0	0	0	0	102	0	0	0	0	0	4182	0	0	0	177
a76ff1e570245a93affb4ac8a7e97b5a_eukaryote	0	0	0	0	0	0	0	0	0	0	0	0	0	0	0	0	0	0	0	0	0	0	0	0	0	0	0	0	0	0	0	512	407	238	0	0	0	0	318	0	62	0	919	0	0	848	191	115	0	0	0	0	0	0	0	0	0	0	0	0	0	0	0	0	0	54	90	0	0	0	0	0	0	0	0	0	0	0	0	0	0	0	0	0	0	0	0	0	0	0	0	0	0	0	0	0	0	0	0	0	0	0	0	0	0	0	0	0	0	0	0	0	0	0	0	0	0	0	0	0	0	0	0	0	0
bf7b2ad6823dbc87e66f1788437c5437_eukaryote	0	0	0	0	0	0	0	0	0	0	0	0	0	0	0	572	693	217	54	0	203	395	485	470	382	0	0	0	0	0	0	0	0	0	0	0	0	0	0	0	0	0	0	0	0	0	0	0	0	0	161	0	0	0	0	0	0	0	0	0	0	0	0	0	0	0	0	0	0	0	0	0	0	0	0	0	0	0	0	0	122	0	266	0	101	85	0	50	0	0	77	0	0	0	0	0	78	0	0	0	0	0	0	0	0	0	0	0	0	0	0	0	0	0	0	0	0	0	0	0	0	0	0	0	0
2c401f46914cf5a8f8728ec0a8b78fe9_eukaryote	0	0	0	0	0	0	0	0	0	0	0	0	0	0	0	0	0	0	0	0	0	0	0	0	0	0	0	0	53	0	0	0	0	0	0	0	0	0	0	0	0	0	0	0	0	0	0	0	0	0	0	0	0	0	0	0	0	0	0	0	0	0	0	0	0	0	0	0	0	0	0	0	0	0	0	0	0	0	0	132	0	0	0	0	0	0	0	0	0	0	0	0	0	0	0	0	0	0	0	0	0	0	0	0	0	0	0	0	0	0	0	0	0	381	137	0	291	231	254	0	971	68	0	0	294
20be67fe93cc9f6528d6aaddacc059f1_eukaryote	0	0	0	0	0	0	0	0	0	0	123	0	0	0	0	0	0	0	0	0	0	0	0	0	0	0	0	0	0	0	0	0	0	0	0	0	0	0	0	0	0	0	0	0	0	98	0	0	0	0	0	0	0	0	0	0	0	0	0	0	0	0	0	0	0	0	0	0	0	0	0	0	0	0	0	0	0	0	0	55	0	0	69	0	0	0	0	0	0	0	0	0	0	0	0	0	0	0	0	0	0	0	0	0	0	0	0	73	0	0	0	0	0	170	206	0	721	140	533	0	0	0	384	0	0
c42c09f149cbb96ab465fe8b2be206c3_eukaryote	0	0	0	0	0	0	0	0	0	0	0	0	0	223	62	0	0	0	0	0	0	0	0	0	61	0	0	0	0	0	0	0	0	76	0	0	0	0	0	0	0	0	0	0	0	0	0	50	0	0	0	0	0	0	0	0	0	0	0	0	0	0	0	0	0	0	0	0	0	0	0	0	64	0	0	0	0	0	0	124	121	79	142	0	0	0	73	0	0	0	113	0	86	0	90	0	0	0	0	0	62	0	0	0	0	88	0	0	59	0	0	0	0	0	65	271	0	0	0	0	0	0	0	0	0
7b3f8ac4cc1c569e824043a8fc99c323_eukaryote	0	0	0	0	0	0	0	0	0	0	169	0	334	0	0	0	0	0	0	0	153	63	0	0	0	0	0	0	0	0	0	79	463	263	0	0	0	0	143	287	835	0	0	0	0	474	126	818	612	0	0	0	0	318	138	0	0	0	0	0	0	0	0	0	0	72	0	0	0	0	0	0	0	0	0	0	0	0	0	0	0	0	0	0	0	0	0	0	0	0	0	0	0	0	0	0	0	0	80	0	0	0	0	0	0	0	0	0	0	0	0	0	0	0	0	0	0	0	0	0	0	0	0	0	0
4f8eec0fd883c3c151fb5dce569f8dc0_eukaryote	0	0	0	0	0	0	0	0	0	0	0	0	0	0	0	0	0	0	0	0	0	0	0	0	0	0	0	0	0	0	0	0	0	0	0	0	0	0	0	0	0	0	0	62	0	0	0	0	0	0	0	0	0	0	0	0	0	0	0	72	54	1246	94	64	0	0	0	403	0	64	0	0	0	0	0	0	0	0	0	0	0	0	0	0	0	0	0	0	498	0	729	0	0	0	0	0	0	0	0	0	0	0	0	0	0	0	0	0	0	0	0	0	0	0	0	0	0	0	0	0	0	0	0	0	0
28c42fb75b412baf6c28c32d0ad37e9b_eukaryote	0	0	0	0	0	0	0	0	0	69	0	0	0	0	0	0	0	0	0	0	0	0	0	544	0	0	0	0	0	0	0	670	785	0	0	0	0	0	122	0	0	0	0	0	0	0	0	0	0	0	0	0	0	0	0	0	0	0	0	0	0	0	0	0	0	0	0	139	0	0	0	0	0	0	107	0	0	0	0	0	0	0	0	0	0	0	0	0	0	0	0	0	1776	0	0	0	0	0	164	0	0	0	0	0	0	0	0	0	0	0	0	0	0	0	968	529	0	0	0	0	0	0	0	0	0
f02abee84a8b31c4281aa2fb6bd58349_eukaryote	85	89	117	0	0	0	150	96	0	0	0	0	0	0	0	0	0	0	0	0	0	0	0	0	0	0	0	0	0	0	0	0	0	0	0	0	0	0	0	0	0	74	0	0	0	0	0	0	0	0	0	0	0	0	0	0	0	0	0	0	0	0	0	0	0	0	0	0	0	0	0	0	0	0	0	0	0	0	0	0	148	0	54	0	0	0	0	0	0	0	0	0	0	0	0	0	0	0	71	54	0	0	0	0	0	0	0	0	0	0	0	340	85	0	0	0	0	0	0	0	70	0	0	480	465
a654a25725fefee58e879aa11f5011b6_eukaryote	0	0	0	0	0	0	0	0	0	0	0	0	0	0	0	0	394	0	0	0	165	226	75	0	0	0	0	0	0	0	0	0	0	0	0	0	0	0	0	101	171	0	0	0	0	0	0	0	61	63	0	0	0	0	0	0	0	0	0	0	0	0	0	0	0	0	0	0	0	0	0	0	0	0	0	1077	99	0	0	0	61	0	0	0	0	0	0	0	0	0	0	0	0	0	0	0	0	0	0	0	0	0	0	0	0	0	0	0	0	0	0	0	0	0	0	0	0	0	0	0	0	0	0	0	0
6f5d3bfd51485fbd9a71c476a19b3241_eukaryote	0	0	0	80	56	0	0	0	0	0	0	0	71	0	0	0	0	0	0	0	110	0	0	103	73	0	0	0	0	0	0	116	120	144	177	0	0	0	71	50	71	0	0	118	0	0	54	0	182	0	0	0	0	122	0	0	0	0	0	0	0	0	0	0	0	148	91	0	0	0	0	0	0	0	0	0	0	0	79	0	0	0	0	0	0	0	0	0	232	0	0	0	0	0	0	0	0	0	0	0	0	0	0	0	0	0	0	0	0	0	0	0	0	0	0	0	0	0	0	0	0	0	0	0	0
a0026d509095158fccba24e0a4c3ef6e_eukaryote	0	0	0	0	102	0	0	0	0	0	0	0	0	0	0	52	0	0	0	0	0	0	0	0	64	0	0	0	0	0	0	0	0	0	0	0	0	0	0	0	0	0	0	0	0	0	0	0	0	0	0	0	0	0	0	0	0	0	0	0	0	0	0	0	0	0	0	0	0	0	0	113	0	86	0	0	0	0	0	0	0	67	0	0	0	0	0	0	0	0	0	0	0	0	0	83	0	0	0	0	72	0	0	0	436	0	0	0	163	0	0	0	0	0	0	0	0	0	0	0	0	0	0	0	0
d56db645940d7263cd904f96f3e2258f_eukaryote	0	0	0	0	0	0	0	0	0	0	0	0	0	0	0	0	0	0	0	0	0	0	0	0	0	0	0	0	0	0	0	0	0	0	0	0	0	0	0	0	0	184	0	0	0	0	0	63	0	0	0	0	0	0	0	0	96	164	0	0	0	56	0	0	0	0	0	0	0	0	0	0	109	0	0	0	68	0	0	0	0	0	71	0	0	0	0	0	133	53	0	0	0	0	0	0	0	0	0	0	0	0	0	0	0	0	0	0	0	0	0	0	0	0	0	0	0	0	0	0	0	0	0	0	0
45c7f51c370529e7a0ec2dab53933053_eukaryote	0	0	0	0	0	0	0	0	0	0	0	0	0	0	0	0	64	0	0	0	0	286	0	0	57	0	0	0	0	0	0	0	0	0	0	0	0	0	0	0	0	0	77	0	0	79	80	123	52	0	0	0	0	144	54	102	0	0	0	0	0	0	0	0	0	0	0	0	0	0	0	0	0	0	0	0	0	0	0	0	0	0	0	0	0	0	0	0	0	0	0	0	0	0	0	0	0	0	0	0	0	0	0	0	0	0	0	0	0	0	0	0	0	0	55	0	0	0	0	0	0	0	0	0	0
e3e05f194c5ba7c9e24fbaf65a891e6e_eukaryote	0	0	0	0	0	0	0	0	0	0	0	0	0	0	0	600	283	0	0	0	0	63	75	0	85	0	0	0	0	0	0	60	68	101	0	0	0	0	0	0	100	0	0	0	0	0	56	88	0	0	53	0	0	0	0	0	0	0	0	0	0	0	0	0	0	0	0	0	0	0	0	0	0	0	0	0	0	0	0	0	0	0	0	0	0	0	0	0	0	0	0	0	0	0	0	0	156	0	0	0	0	0	0	0	0	0	0	0	0	0	0	0	0	0	0	0	0	0	0	0	0	0	0	0	0
91c3f629154e7e2466f51389b363e66c_eukaryote	0	0	0	0	0	0	0	0	0	0	0	0	0	0	0	319	289	0	0	52	0	0	0	0	0	0	0	0	0	84	0	0	0	0	0	0	0	0	0	1212	413	0	146	0	64	0	0	0	0	0	0	0	0	0	66	0	0	0	0	0	0	0	0	0	0	0	0	0	0	0	0	0	0	0	0	0	0	0	0	0	0	0	0	0	0	0	0	0	0	0	0	0	66	103	155	0	0	0	0	0	0	0	0	0	0	0	0	0	135	64	0	0	81	0	0	0	0	0	99	0	0	0	0	0	0
b70dc82e885586de275f6c403cbf8e04_eukaryote	0	0	0	0	0	0	0	0	0	0	0	0	0	0	162	0	0	0	0	0	0	0	0	84	0	0	0	0	0	0	0	0	0	0	0	0	0	0	0	0	0	0	0	0	0	82	0	0	0	0	0	0	0	89	0	68	0	0	0	0	0	89	0	0	0	0	90	0	0	0	0	0	0	0	0	0	0	0	0	0	0	0	0	0	0	0	0	0	0	0	149	0	0	0	82	0	68	0	0	0	0	0	0	0	0	0	0	0	0	101	0	0	0	81	0	132	0	0	0	0	0	0	0	0	0
213de685538c4cc8448f4c195612ddb0_eukaryote	0	0	0	0	0	0	0	0	108	0	69	0	0	83	0	0	0	0	0	0	0	0	0	60	54	0	0	0	0	0	0	0	0	0	0	68	0	0	0	0	0	0	66	0	0	106	79	0	0	0	0	0	0	0	0	127	0	0	0	0	0	0	51	0	0	0	0	0	0	87	0	0	0	0	0	0	0	0	0	0	0	0	0	0	0	0	0	0	0	0	0	0	0	0	0	0	0	0	0	0	0	0	0	0	0	0	0	0	0	0	0	0	0	105	0	0	0	0	93	0	0	73	0	0	0
1103cddc21943a0c06c77640d1c2bdae_eukaryote	0	0	0	0	0	0	0	0	0	0	0	0	0	0	0	70	88	0	0	0	0	0	208	0	77	0	0	0	0	0	0	138	156	177	0	0	0	0	77	175	196	0	0	0	0	99	115	0	0	0	0	0	0	76	212	0	0	0	0	0	0	0	0	0	0	0	0	0	0	0	0	0	0	0	0	81	0	0	0	0	57	0	0	0	75	0	0	0	0	0	70	0	0	74	451	85	154	0	0	0	0	0	0	0	0	0	0	0	0	0	0	0	0	0	54	0	0	0	0	0	0	0	0	0	0
0d8f0de48c593ab7f865ad167c335347_eukaryote	0	0	0	0	0	0	0	0	0	0	0	0	52	61	0	0	0	0	0	0	0	0	0	61	0	0	0	0	0	0	0	94	93	126	0	0	0	0	53	126	65	0	0	0	78	0	0	0	0	193	150	129	0	0	0	0	0	0	0	0	0	0	0	0	0	0	0	0	0	0	0	0	0	0	0	0	0	0	0	0	0	0	0	0	61	0	0	0	0	0	0	0	0	0	0	0	0	0	0	0	0	0	88	0	0	0	0	0	0	0	0	0	0	0	0	470	0	0	66	0	206	0	0	0	0
737804271196e9ba022de8d2c10afec9_eukaryote	0	0	0	0	0	0	0	0	0	0	0	53	0	0	0	0	0	0	0	0	0	0	0	0	0	0	0	0	0	0	0	0	0	0	0	0	0	0	0	0	0	0	0	0	0	0	0	0	0	0	0	0	0	0	0	0	0	0	0	0	0	0	0	0	0	0	0	0	0	0	0	85	104	0	0	61	0	0	0	0	0	0	0	0	0	0	0	0	0	0	0	0	0	0	0	0	0	0	0	0	382	289	0	0	0	114	0	69	0	59	0	0	0	0	209	51	54	0	107	0	123	0	0	0	0
38c850022d0700fa24b06d5dd3f8da40_eukaryote	0	0	0	0	0	0	0	0	0	0	0	0	0	0	0	0	0	0	0	0	0	0	0	0	0	0	0	0	0	0	0	0	0	0	0	0	0	0	0	0	0	0	0	0	0	0	0	0	0	0	0	0	0	0	0	0	0	0	0	0	0	0	0	0	0	0	0	0	0	0	0	0	0	0	0	0	0	0	0	0	134	57	73	0	0	0	0	0	0	0	0	0	0	0	0	0	0	0	0	0	94	0	71	0	0	385	0	0	0	0	102	56	0	128	0	0	0	0	52	0	0	0	0	0	0
d7463494a00186665833be74ccdd14a1_eukaryote	0	0	0	0	0	0	0	0	0	0	0	0	0	0	0	0	0	0	0	0	0	0	0	0	0	0	0	0	0	0	0	0	0	0	0	0	0	0	0	0	0	0	0	0	0	0	0	0	0	0	0	0	0	0	0	0	0	0	0	0	0	0	0	0	0	0	0	0	0	0	0	0	0	0	0	0	0	0	0	0	0	0	0	0	0	0	0	0	0	0	0	0	0	0	0	0	0	0	0	0	54	0	0	0	0	0	0	0	0	54	0	0	59	54	259	94	65	74	0	0	497	322	0	0	81
3c8cb7ae46cf87caa164eb1a31c2ba7d_eukaryote	0	0	0	0	0	0	0	0	0	0	0	58	0	0	0	0	0	0	0	0	0	0	0	308	0	0	0	0	0	0	0	0	89	139	0	0	0	0	0	0	0	0	0	0	0	91	0	0	0	0	0	0	0	0	0	0	0	0	0	75	0	102	0	0	0	232	0	61	0	0	0	0	0	0	0	0	0	0	0	0	0	0	0	0	0	0	0	0	0	0	0	0	0	0	0	0	0	0	0	0	0	0	0	0	0	0	0	0	0	0	0	0	0	98	0	0	0	0	0	0	0	0	0	0	0
5cea4c9d87a8d0134d2b58e91c510d8c_eukaryote	0	0	0	0	0	0	0	0	0	0	0	0	0	0	0	0	91	0	0	0	0	0	0	67	0	0	0	0	0	0	0	68	190	191	0	0	0	0	0	0	0	0	0	0	0	0	0	0	0	51	82	197	0	0	57	50	0	0	0	0	0	172	0	0	0	292	81	0	0	0	0	0	0	0	0	134	0	0	0	0	0	0	0	0	0	0	0	0	0	0	0	0	0	0	0	0	0	0	0	0	0	0	0	0	0	0	0	0	0	0	0	0	0	0	0	0	0	0	0	0	0	0	0	0	170
1b4ee952b71b2a45e179b9cbb9ecf5ae_eukaryote	0	0	0	0	0	0	0	0	0	0	0	0	0	0	0	0	0	0	0	0	0	0	0	0	0	0	0	0	0	0	0	0	70	124	0	0	0	0	51	74	88	0	0	0	0	0	0	0	0	0	0	60	0	0	76	0	0	0	0	0	0	0	0	0	0	0	0	0	0	0	0	0	0	0	0	0	0	0	0	0	0	0	0	0	0	0	0	0	108	0	167	0	0	0	0	0	0	0	0	0	0	0	0	0	0	0	0	0	0	0	0	0	0	0	0	0	73	0	167	0	0	0	0	0	0
5c75a20582098b0c984ca0046fc10d75_eukaryote	0	0	0	0	0	0	0	0	0	0	0	0	0	0	0	0	101	0	0	0	0	118	0	82	75	0	0	0	0	0	0	0	0	0	0	0	0	0	0	0	0	0	0	0	0	0	0	0	0	0	0	0	0	0	0	0	0	0	0	0	0	0	0	0	0	0	0	0	0	0	0	0	0	0	0	0	0	0	0	0	0	0	63	0	0	68	0	0	0	0	0	0	0	0	0	0	0	0	0	0	0	0	147	0	0	0	0	0	0	0	0	0	60	0	0	50	0	0	0	0	0	0	0	0	91
3d572774b274de40d5f878929bb68ee9_eukaryote	0	0	0	0	118	0	0	0	0	0	68	0	0	0	0	0	0	0	0	0	0	0	0	0	0	0	0	0	0	0	0	55	0	90	0	0	0	0	0	0	0	0	0	0	0	0	0	0	0	0	0	0	0	0	0	0	0	0	0	0	0	147	0	0	0	0	57	0	0	0	119	0	0	0	0	0	0	0	0	0	0	68	0	0	0	0	0	0	0	0	0	0	0	0	0	0	92	0	0	0	0	0	0	0	0	0	0	0	70	0	0	0	0	0	0	0	0	0	0	0	118	0	0	0	0
